\BOOKMARK [-1][-]{part.1}{\376\377\000I\000\040\000F\000o\000n\000d\000a\000s\000i\000\040\000A\000I}{}% 1
\BOOKMARK [0][-]{chapter.1}{\376\377\000P\000e\000n\000g\000a\000n\000t\000a\000r\000\040\000K\000e\000c\000e\000r\000d\000a\000s\000a\000n\000\040\000B\000u\000a\000t\000a\000n}{part.1}% 2
\BOOKMARK [1][-]{section.1.1}{\376\377\000A\000p\000a\000\040\000I\000t\000u\000\040\000K\000e\000c\000e\000r\000d\000a\000s\000a\000n\000\040\000B\000u\000a\000t\000a\000n\000?}{chapter.1}% 3
\BOOKMARK [1][-]{section.1.2}{\376\377\000S\000e\000j\000a\000r\000a\000h\000\040\000S\000i\000n\000g\000k\000a\000t\000\040\000A\000I}{chapter.1}% 4
\BOOKMARK [1][-]{section.1.3}{\376\377\000T\000i\000g\000a\000\040\000T\000i\000p\000e\000\040\000A\000I}{chapter.1}% 5
\BOOKMARK [2][-]{subsection.1.3.1}{\376\377\0001\000.\000\040\000A\000r\000t\000i\000f\000i\000c\000i\000a\000l\000\040\000N\000a\000r\000r\000o\000w\000\040\000I\000n\000t\000e\000l\000l\000i\000g\000e\000n\000c\000e\000\040\000\050\000A\000N\000I\000\051}{section.1.3}% 6
\BOOKMARK [2][-]{subsection.1.3.2}{\376\377\0002\000.\000\040\000A\000r\000t\000i\000f\000i\000c\000i\000a\000l\000\040\000G\000e\000n\000e\000r\000a\000l\000\040\000I\000n\000t\000e\000l\000l\000i\000g\000e\000n\000c\000e\000\040\000\050\000A\000G\000I\000\051}{section.1.3}% 7
\BOOKMARK [2][-]{subsection.1.3.3}{\376\377\0003\000.\000\040\000A\000r\000t\000i\000f\000i\000c\000i\000a\000l\000\040\000S\000u\000p\000e\000r\000\040\000I\000n\000t\000e\000l\000l\000i\000g\000e\000n\000c\000e\000\040\000\050\000A\000S\000I\000\051}{section.1.3}% 8
\BOOKMARK [1][-]{section.1.4}{\376\377\000M\000a\000c\000h\000i\000n\000e\000\040\000L\000e\000a\000r\000n\000i\000n\000g\000\040\000v\000s\000.\000\040\000D\000e\000e\000p\000\040\000L\000e\000a\000r\000n\000i\000n\000g\000\040\000v\000s\000.\000\040\000G\000e\000n\000e\000r\000a\000t\000i\000v\000e\000\040\000A\000I}{chapter.1}% 9
\BOOKMARK [1][-]{section.1.5}{\376\377\000L\000a\000t\000i\000h\000a\000n\000\040\000P\000r\000a\000k\000t\000i\000s\000\040\0001\000:\000\040\000A\000u\000d\000i\000t\000\040\000A\000I\000\040\000H\000a\000r\000i\000a\000n\000\040\000A\000n\000d\000a}{chapter.1}% 10
\BOOKMARK [0][-]{chapter.2}{\376\377\000B\000a\000g\000a\000i\000m\000a\000n\000a\000\040\000L\000L\000M\000\040\000B\000e\000k\000e\000r\000j\000a\000?}{part.1}% 11
\BOOKMARK [1][-]{section.2.1}{\376\377\000A\000n\000a\000l\000o\000g\000i\000\040\000B\000u\000r\000u\000n\000g\000\040\000B\000e\000o\000\040\000P\000r\000o\000b\000a\000b\000i\000l\000i\000s\000t\000i\000k}{chapter.2}% 12
\BOOKMARK [1][-]{section.2.2}{\376\377\000T\000o\000k\000e\000n\000i\000s\000a\000s\000i\000:\000\040\000C\000a\000r\000a\000\040\000A\000I\000\040\000M\000e\000m\000b\000a\000c\000a}{chapter.2}% 13
\BOOKMARK [1][-]{section.2.3}{\376\377\000P\000r\000e\000d\000i\000k\000s\000i\000\040\000K\000a\000t\000a\000\040\000B\000e\000r\000i\000k\000u\000t\000n\000y\000a\000\040\000\050\000N\000e\000x\000t\000\040\000T\000o\000k\000e\000n\000\040\000P\000r\000e\000d\000i\000c\000t\000i\000o\000n\000\051}{chapter.2}% 14
\BOOKMARK [1][-]{section.2.4}{\376\377\000H\000a\000l\000u\000s\000i\000n\000a\000s\000i\000:\000\040\000K\000e\000t\000i\000k\000a\000\040\000A\000I\000\040\000B\000e\000r\000b\000o\000h\000o\000n\000g}{chapter.2}% 15
\BOOKMARK [1][-]{section.2.5}{\376\377\000T\000r\000a\000i\000n\000i\000n\000g\000\040\000D\000a\000t\000a}{chapter.2}% 16
\BOOKMARK [-1][-]{part.2}{\376\377\000I\000I\000\040\000P\000r\000o\000m\000p\000t\000\040\000E\000n\000g\000i\000n\000e\000e\000r\000i\000n\000g\000\040\000P\000r\000a\000k\000t\000i\000s}{}% 17
\BOOKMARK [0][-]{chapter.3}{\376\377\000D\000a\000s\000a\000r\000-\000d\000a\000s\000a\000r\000\040\000P\000r\000o\000m\000p\000t\000\040\000E\000n\000g\000i\000n\000e\000e\000r\000i\000n\000g}{part.2}% 18
\BOOKMARK [1][-]{section.3.1}{\376\377\000A\000n\000a\000t\000o\000m\000i\000\040\000P\000r\000o\000m\000p\000t\000\040\000y\000a\000n\000g\000\040\000B\000a\000i\000k}{chapter.3}% 19
\BOOKMARK [1][-]{section.3.2}{\376\377\000Z\000e\000r\000o\000-\000S\000h\000o\000t\000\040\000v\000s\000.\000\040\000F\000e\000w\000-\000S\000h\000o\000t\000\040\000P\000r\000o\000m\000p\000t\000i\000n\000g}{chapter.3}% 20
\BOOKMARK [2][-]{subsection.3.2.1}{\376\377\000Z\000e\000r\000o\000-\000S\000h\000o\000t}{section.3.2}% 21
\BOOKMARK [2][-]{subsection.3.2.2}{\376\377\000F\000e\000w\000-\000S\000h\000o\000t\000\040\000\050\000P\000e\000m\000b\000e\000r\000i\000a\000n\000\040\000C\000o\000n\000t\000o\000h\000\051}{section.3.2}% 22
\BOOKMARK [1][-]{section.3.3}{\376\377\000C\000h\000a\000i\000n\000\040\000o\000f\000\040\000T\000h\000o\000u\000g\000h\000t\000\040\000\050\000C\000o\000T\000\051}{chapter.3}% 23
\BOOKMARK [1][-]{section.3.4}{\376\377\000T\000e\000k\000n\000i\000k\000\040\000R\000e\000A\000c\000t\000\040\000\050\000R\000e\000a\000s\000o\000n\000\040\000+\000\040\000A\000c\000t\000\051}{chapter.3}% 24
\BOOKMARK [1][-]{section.3.5}{\376\377\000W\000o\000r\000k\000s\000h\000o\000p\000:\000\040\000M\000e\000m\000p\000e\000r\000b\000a\000i\000k\000i\000\040\000P\000r\000o\000m\000p\000t}{chapter.3}% 25
\BOOKMARK [1][-]{section.3.6}{\376\377\000A\000d\000v\000a\000n\000c\000e\000d\000\040\000P\000r\000o\000m\000p\000t\000i\000n\000g\000\040\000C\000h\000e\000a\000t\000\040\000S\000h\000e\000e\000t}{chapter.3}% 26
\BOOKMARK [0][-]{chapter.4}{\376\377\000P\000e\000r\000a\000l\000a\000t\000a\000n\000\040\000A\000I\000\040\000P\000r\000a\000k\000t\000i\000s\000\040\000\050\000T\000h\000e\000\040\000A\000I\000\040\000T\000o\000o\000l\000b\000o\000x\000\051}{part.2}% 27
\BOOKMARK [1][-]{section.4.1}{\376\377\000C\000h\000a\000t\000G\000P\000T\000\040\000\050\000O\000p\000e\000n\000A\000I\000\051}{chapter.4}% 28
\BOOKMARK [1][-]{section.4.2}{\376\377\000C\000l\000a\000u\000d\000e\000\040\000\050\000A\000n\000t\000h\000r\000o\000p\000i\000c\000\051}{chapter.4}% 29
\BOOKMARK [1][-]{section.4.3}{\376\377\000M\000i\000d\000j\000o\000u\000r\000n\000e\000y\000\040\000\046\000\040\000D\000A\000L\000L\000-\000E\000\040\0003}{chapter.4}% 30
\BOOKMARK [2][-]{subsection.4.3.1}{\376\377\000M\000i\000d\000j\000o\000u\000r\000n\000e\000y}{section.4.3}% 31
\BOOKMARK [2][-]{subsection.4.3.2}{\376\377\000D\000A\000L\000L\000-\000E\000\040\0003}{section.4.3}% 32
\BOOKMARK [1][-]{section.4.4}{\376\377\000S\000t\000u\000d\000i\000\040\000K\000a\000s\000u\000s\000:\000\040\000M\000e\000m\000b\000u\000a\000t\000\040\000P\000r\000e\000s\000e\000n\000t\000a\000s\000i\000\040\000P\000i\000t\000c\000h\000\040\000D\000e\000c\000k}{chapter.4}% 33
\BOOKMARK [0][-]{chapter.5}{\376\377\000A\000I\000\040\000u\000n\000t\000u\000k\000\040\000P\000r\000o\000d\000u\000k\000t\000i\000v\000i\000t\000a\000s\000\040\000\050\000S\000t\000u\000d\000i\000\040\000K\000a\000s\000u\000s\000\051}{part.2}% 34
\BOOKMARK [1][-]{section.5.1}{\376\377\000S\000t\000u\000d\000i\000\040\000K\000a\000s\000u\000s\000\040\0001\000:\000\040\000A\000s\000i\000s\000t\000e\000n\000\040\000P\000e\000n\000u\000l\000i\000s\000a\000n\000\040\000\050\000W\000r\000i\000t\000i\000n\000g\000\040\000A\000s\000s\000i\000s\000t\000a\000n\000t\000\051}{chapter.5}% 35
\BOOKMARK [2][-]{subsection.5.1.1}{\376\377\0001\000.\000\040\000B\000r\000a\000i\000n\000s\000t\000o\000r\000m\000i\000n\000g\000\040\000I\000d\000e\000\040\000K\000o\000n\000t\000e\000n}{section.5.1}% 36
\BOOKMARK [2][-]{subsection.5.1.2}{\376\377\0002\000.\000\040\000M\000e\000m\000b\000u\000a\000t\000\040\000O\000u\000t\000l\000i\000n\000e\000\040\000S\000t\000r\000u\000k\000t\000u\000r}{section.5.1}% 37
\BOOKMARK [2][-]{subsection.5.1.3}{\376\377\0003\000.\000\040\000D\000r\000a\000f\000t\000i\000n\000g\000\040\000d\000a\000n\000\040\000E\000d\000i\000t\000i\000n\000g}{section.5.1}% 38
\BOOKMARK [1][-]{section.5.2}{\376\377\000S\000t\000u\000d\000i\000\040\000K\000a\000s\000u\000s\000\040\0002\000:\000\040\000C\000o\000d\000i\000n\000g\000\040\000A\000s\000s\000i\000s\000t\000a\000n\000t\000\040\000\050\000U\000n\000t\000u\000k\000\040\000N\000o\000n\000-\000P\000r\000o\000g\000r\000a\000m\000m\000e\000r\000\051}{chapter.5}% 39
\BOOKMARK [1][-]{section.5.3}{\376\377\000S\000t\000u\000d\000i\000\040\000K\000a\000s\000u\000s\000\040\0003\000:\000\040\000A\000n\000a\000l\000i\000s\000i\000s\000\040\000D\000a\000t\000a\000\040\000I\000n\000s\000t\000a\000n}{chapter.5}% 40
\BOOKMARK [1][-]{section.5.4}{\376\377\000C\000h\000e\000a\000t\000\040\000S\000h\000e\000e\000t\000\040\000P\000r\000o\000d\000u\000k\000t\000i\000v\000i\000t\000a\000s}{chapter.5}% 41
\BOOKMARK [-1][-]{part.3}{\376\377\000I\000I\000I\000\040\000I\000m\000p\000l\000e\000m\000e\000n\000t\000a\000s\000i\000\040\000T\000e\000k\000n\000i\000s\000\040\000\046\000\040\000C\000o\000d\000i\000n\000g}{}% 42
\BOOKMARK [0][-]{chapter.6}{\376\377\000M\000e\000n\000y\000i\000a\000p\000k\000a\000n\000\040\000L\000i\000n\000g\000k\000u\000n\000g\000a\000n\000\040\000P\000e\000n\000g\000e\000m\000b\000a\000n\000g\000a\000n\000\040\000\050\000D\000e\000v\000\040\000E\000n\000v\000i\000r\000o\000n\000m\000e\000n\000t\000\051}{part.3}% 43
\BOOKMARK [1][-]{section.6.1}{\376\377\000L\000a\000n\000g\000k\000a\000h\000\040\0001\000:\000\040\000I\000n\000s\000t\000a\000l\000a\000s\000i\000\040\000P\000y\000t\000h\000o\000n}{chapter.6}% 44
\BOOKMARK [1][-]{section.6.2}{\376\377\000L\000a\000n\000g\000k\000a\000h\000\040\0002\000:\000\040\000I\000n\000s\000t\000a\000l\000a\000s\000i\000\040\000V\000S\000\040\000C\000o\000d\000e}{chapter.6}% 45
\BOOKMARK [1][-]{section.6.3}{\376\377\000L\000a\000n\000g\000k\000a\000h\000\040\0003\000:\000\040\000V\000i\000r\000t\000u\000a\000l\000\040\000E\000n\000v\000i\000r\000o\000n\000m\000e\000n\000t\000\040\000\050\000V\000e\000n\000v\000\051}{chapter.6}% 46
\BOOKMARK [1][-]{section.6.4}{\376\377\000L\000a\000n\000g\000k\000a\000h\000\040\0004\000:\000\040\000M\000e\000n\000g\000i\000n\000s\000t\000a\000l\000l\000\040\000L\000i\000b\000r\000a\000r\000y\000\040\000A\000I}{chapter.6}% 47
\BOOKMARK [1][-]{section.6.5}{\376\377\000H\000e\000l\000l\000o\000\040\000W\000o\000r\000l\000d\000:\000\040\000S\000k\000r\000i\000p\000\040\000A\000I\000\040\000P\000e\000r\000t\000a\000m\000a\000\040\000A\000n\000d\000a}{chapter.6}% 48
\BOOKMARK [1][-]{section.6.6}{\376\377\000C\000o\000m\000m\000o\000n\000\040\000E\000r\000r\000o\000r\000s\000\040\000\046\000\040\000S\000o\000l\000u\000t\000i\000o\000n\000s}{chapter.6}% 49
\BOOKMARK [2][-]{subsection.6.6.1}{\376\377\000M\000o\000d\000u\000l\000e\000N\000o\000t\000F\000o\000u\000n\000d\000E\000r\000r\000o\000r}{section.6.6}% 50
\BOOKMARK [2][-]{subsection.6.6.2}{\376\377\000A\000P\000I\000C\000o\000n\000n\000e\000c\000t\000i\000o\000n\000E\000r\000r\000o\000r}{section.6.6}% 51
\BOOKMARK [2][-]{subsection.6.6.3}{\376\377\000R\000a\000t\000e\000L\000i\000m\000i\000t\000E\000r\000r\000o\000r}{section.6.6}% 52
\BOOKMARK [2][-]{subsection.6.6.4}{\376\377\000A\000u\000t\000h\000e\000n\000t\000i\000c\000a\000t\000i\000o\000n\000E\000r\000r\000o\000r}{section.6.6}% 53
\BOOKMARK [0][-]{chapter.7}{\376\377\000B\000e\000r\000i\000n\000t\000e\000r\000a\000k\000s\000i\000\040\000d\000e\000n\000g\000a\000n\000\040\000A\000P\000I}{part.3}% 54
\BOOKMARK [1][-]{section.7.1}{\376\377\000M\000e\000n\000d\000a\000p\000a\000t\000k\000a\000n\000\040\000A\000P\000I\000\040\000K\000e\000y}{chapter.7}% 55
\BOOKMARK [1][-]{section.7.2}{\376\377\000S\000t\000r\000u\000k\000t\000u\000r\000\040\000R\000e\000q\000u\000e\000s\000t\000\040\000J\000S\000O\000N}{chapter.7}% 56
\BOOKMARK [1][-]{section.7.3}{\376\377\000M\000e\000m\000b\000u\000a\000t\000\040\000C\000h\000a\000t\000b\000o\000t\000\040\000S\000e\000d\000e\000r\000h\000a\000n\000a\000\040\000d\000e\000n\000g\000a\000n\000\040\000P\000y\000t\000h\000o\000n}{chapter.7}% 57
\BOOKMARK [2][-]{subsection.7.3.1}{\376\377\0001\000.\000\040\000S\000i\000m\000p\000a\000n\000\040\000A\000P\000I\000\040\000K\000e\000y}{section.7.3}% 58
\BOOKMARK [2][-]{subsection.7.3.2}{\376\377\0002\000.\000\040\000T\000u\000l\000i\000s\000\040\000K\000o\000d\000e\000\040\000C\000h\000a\000t\000b\000o\000t}{section.7.3}% 59
\BOOKMARK [1][-]{section.7.4}{\376\377\000S\000t\000r\000e\000a\000m\000i\000n\000g\000\040\000R\000e\000s\000p\000o\000n\000s\000e\000s}{chapter.7}% 60
\BOOKMARK [1][-]{section.7.5}{\376\377\000C\000o\000s\000t\000\040\000M\000a\000n\000a\000g\000e\000m\000e\000n\000t\000\040\000\050\000M\000e\000n\000g\000h\000i\000t\000u\000n\000g\000\040\000T\000o\000k\000e\000n\000\051}{chapter.7}% 61
\BOOKMARK [0][-]{chapter.8}{\376\377\000R\000e\000t\000r\000i\000e\000v\000a\000l\000\040\000A\000u\000g\000m\000e\000n\000t\000e\000d\000\040\000G\000e\000n\000e\000r\000a\000t\000i\000o\000n\000\040\000\050\000R\000A\000G\000\051\000\040\000D\000a\000s\000a\000r}{part.3}% 62
\BOOKMARK [1][-]{section.8.1}{\376\377\000K\000o\000n\000s\000e\000p\000\040\000D\000a\000s\000a\000r\000\040\000R\000A\000G}{chapter.8}% 63
\BOOKMARK [1][-]{section.8.2}{\376\377\000V\000e\000c\000t\000o\000r\000\040\000E\000m\000b\000e\000d\000d\000i\000n\000g\000s\000:\000\040\000B\000a\000h\000a\000s\000a\000\040\000M\000e\000s\000i\000n}{chapter.8}% 64
\BOOKMARK [1][-]{section.8.3}{\376\377\000M\000e\000m\000b\000a\000n\000g\000u\000n\000\040\000"\000C\000h\000a\000t\000\040\000w\000i\000t\000h\000\040\000y\000o\000u\000r\000\040\000P\000D\000F\000"\000\040\000S\000e\000d\000e\000r\000h\000a\000n\000a}{chapter.8}% 65
\BOOKMARK [1][-]{section.8.4}{\376\377\000P\000r\000o\000y\000e\000k\000\040\000A\000k\000h\000i\000r\000\040\000B\000a\000g\000i\000a\000n\000\040\000I\000I\000I\000:\000\040\000B\000o\000t\000\040\000C\000u\000s\000t\000o\000m\000e\000r\000\040\000S\000e\000r\000v\000i\000c\000e}{chapter.8}% 66
\BOOKMARK [-1][-]{part.4}{\376\377\000I\000V\000\040\000T\000o\000p\000i\000k\000\040\000L\000a\000n\000j\000u\000t\000a\000n\000\040\000\050\000A\000d\000v\000a\000n\000c\000e\000d\000\051}{}% 67
\BOOKMARK [0][-]{chapter.9}{\376\377\000D\000e\000e\000p\000\040\000D\000i\000v\000e\000:\000\040\000C\000o\000m\000p\000u\000t\000e\000r\000\040\000V\000i\000s\000i\000o\000n}{part.4}% 68
\BOOKMARK [1][-]{section.9.1}{\376\377\000C\000o\000n\000v\000o\000l\000u\000t\000i\000o\000n\000a\000l\000\040\000N\000e\000u\000r\000a\000l\000\040\000N\000e\000t\000w\000o\000r\000k\000s\000\040\000\050\000C\000N\000N\000\051}{chapter.9}% 69
\BOOKMARK [1][-]{section.9.2}{\376\377\000O\000b\000j\000e\000c\000t\000\040\000D\000e\000t\000e\000c\000t\000i\000o\000n\000:\000\040\000Y\000O\000L\000O}{chapter.9}% 70
\BOOKMARK [1][-]{section.9.3}{\376\377\000I\000m\000a\000g\000e\000\040\000S\000e\000g\000m\000e\000n\000t\000a\000t\000i\000o\000n}{chapter.9}% 71
\BOOKMARK [1][-]{section.9.4}{\376\377\000P\000e\000n\000e\000r\000a\000p\000a\000n\000\040\000d\000i\000\040\000I\000n\000d\000u\000s\000t\000r\000i}{chapter.9}% 72
\BOOKMARK [0][-]{chapter.10}{\376\377\000N\000L\000P\000\040\000L\000a\000n\000j\000u\000t\000a\000n\000:\000\040\000D\000i\000\040\000B\000a\000l\000i\000k\000\040\000L\000a\000y\000a\000r\000\040\000L\000L\000M}{part.4}% 73
\BOOKMARK [1][-]{section.10.1}{\376\377\000E\000v\000o\000l\000u\000s\000i\000\040\000N\000L\000P\000:\000\040\000R\000N\000N\000\040\000v\000s\000\040\000T\000r\000a\000n\000s\000f\000o\000r\000m\000e\000r}{chapter.10}% 74
\BOOKMARK [2][-]{subsection.10.1.1}{\376\377\000R\000N\000N\000\040\000\050\000R\000e\000c\000u\000r\000r\000e\000n\000t\000\040\000N\000e\000u\000r\000a\000l\000\040\000N\000e\000t\000w\000o\000r\000k\000s\000\051}{section.10.1}% 75
\BOOKMARK [2][-]{subsection.10.1.2}{\376\377\000T\000r\000a\000n\000s\000f\000o\000r\000m\000e\000r\000\040\000\050\000A\000t\000t\000e\000n\000t\000i\000o\000n\000\040\000M\000e\000c\000h\000a\000n\000i\000s\000m\000\051}{section.10.1}% 76
\BOOKMARK [1][-]{section.10.2}{\376\377\000B\000E\000R\000T\000\040\000v\000s\000\040\000G\000P\000T}{chapter.10}% 77
\BOOKMARK [1][-]{section.10.3}{\376\377\000F\000i\000n\000e\000-\000T\000u\000n\000i\000n\000g\000\040\000v\000s\000\040\000R\000A\000G}{chapter.10}% 78
\BOOKMARK [0][-]{chapter.11}{\376\377\000G\000e\000n\000e\000r\000a\000t\000i\000v\000e\000\040\000M\000e\000d\000i\000a\000:\000\040\000G\000a\000m\000b\000a\000r\000,\000\040\000V\000i\000d\000e\000o\000,\000\040\000\046\000\040\000A\000u\000d\000i\000o}{part.4}% 79
\BOOKMARK [1][-]{section.11.1}{\376\377\000D\000i\000f\000f\000u\000s\000i\000o\000n\000\040\000M\000o\000d\000e\000l\000s\000\040\000\050\000S\000t\000a\000b\000l\000e\000\040\000D\000i\000f\000f\000u\000s\000i\000o\000n\000\051}{chapter.11}% 80
\BOOKMARK [1][-]{section.11.2}{\376\377\000V\000i\000d\000e\000o\000\040\000G\000e\000n\000e\000r\000a\000t\000i\000o\000n\000\040\000\050\000S\000o\000r\000a\000,\000\040\000R\000u\000n\000w\000a\000y\000\051}{chapter.11}% 81
\BOOKMARK [1][-]{section.11.3}{\376\377\000A\000u\000d\000i\000o\000\040\000\040\000V\000o\000i\000c\000e\000\040\000C\000l\000o\000n\000i\000n\000g\000\040\000V\000o\000i\000c\000e\000\040\000C\000l\000o\000n\000i\000n\000g}{chapter.11}% 82
\BOOKMARK [1][-]{section.11.4}{\376\377\000T\000u\000t\000o\000r\000i\000a\000l\000:\000\040\000M\000e\000n\000g\000g\000u\000n\000a\000k\000a\000n\000\040\000O\000p\000e\000n\000A\000I\000\040\000W\000h\000i\000s\000p\000e\000r\000\040\000\050\000S\000p\000e\000e\000c\000h\000-\000t\000o\000-\000T\000e\000x\000t\000\051}{chapter.11}% 83
\BOOKMARK [-1][-]{part.5}{\376\377\000V\000\040\000S\000t\000r\000a\000t\000e\000g\000i\000\040\000\046\000\040\000M\000a\000s\000a\000\040\000D\000e\000p\000a\000n}{}% 84
\BOOKMARK [0][-]{chapter.12}{\376\377\000S\000t\000r\000a\000t\000e\000g\000i\000\040\000A\000I\000\040\000u\000n\000t\000u\000k\000\040\000B\000i\000s\000n\000i\000s}{part.5}% 85
\BOOKMARK [1][-]{section.12.1}{\376\377\000F\000r\000a\000m\000e\000w\000o\000r\000k\000\040\000A\000d\000o\000p\000s\000i\000\040\000A\000I}{chapter.12}% 86
\BOOKMARK [1][-]{section.12.2}{\376\377\000M\000e\000n\000g\000h\000i\000t\000u\000n\000g\000\040\000R\000O\000I\000\040\000A\000I}{chapter.12}% 87
\BOOKMARK [1][-]{section.12.3}{\376\377\000S\000t\000u\000d\000i\000\040\000K\000a\000s\000u\000s\000\040\000S\000e\000k\000t\000o\000r\000a\000l}{chapter.12}% 88
\BOOKMARK [2][-]{subsection.12.3.1}{\376\377\000K\000e\000s\000e\000h\000a\000t\000a\000n}{section.12.3}% 89
\BOOKMARK [2][-]{subsection.12.3.2}{\376\377\000K\000e\000u\000a\000n\000g\000a\000n}{section.12.3}% 90
\BOOKMARK [2][-]{subsection.12.3.3}{\376\377\000E\000-\000C\000o\000m\000m\000e\000r\000c\000e}{section.12.3}% 91
\BOOKMARK [1][-]{section.12.4}{\376\377\000R\000i\000s\000i\000k\000o\000\040\000S\000h\000a\000d\000o\000w\000\040\000A\000I}{chapter.12}% 92
\BOOKMARK [0][-]{chapter.13}{\376\377\000M\000a\000s\000a\000\040\000D\000e\000p\000a\000n\000:\000\040\000Q\000u\000a\000n\000t\000u\000m\000\040\000A\000I\000\040\000\046\000\040\000A\000G\000I}{part.5}% 93
\BOOKMARK [1][-]{section.13.1}{\376\377\000Q\000u\000a\000n\000t\000u\000m\000\040\000C\000o\000m\000p\000u\000t\000i\000n\000g\000\040\000\046\000\040\000A\000I}{chapter.13}% 94
\BOOKMARK [1][-]{section.13.2}{\376\377\000M\000e\000n\000u\000j\000u\000\040\000A\000G\000I\000\040\000\050\000A\000r\000t\000i\000f\000i\000c\000i\000a\000l\000\040\000G\000e\000n\000e\000r\000a\000l\000\040\000I\000n\000t\000e\000l\000l\000i\000g\000e\000n\000c\000e\000\051}{chapter.13}% 95
\BOOKMARK [1][-]{section.13.3}{\376\377\000R\000e\000g\000u\000l\000a\000s\000i\000\040\000A\000I\000\040\000\050\000E\000U\000\040\000A\000I\000\040\000A\000c\000t\000\051}{chapter.13}% 96
\BOOKMARK [1][-]{section.13.4}{\376\377\000P\000e\000n\000u\000t\000u\000p\000:\000\040\000P\000e\000r\000a\000n\000\040\000M\000a\000n\000u\000s\000i\000a}{chapter.13}% 97
\BOOKMARK [0][-]{chapter.14}{\376\377\000E\000t\000i\000k\000a\000,\000\040\000K\000e\000a\000m\000a\000n\000a\000n\000,\000\040\000d\000a\000n\000\040\000M\000a\000s\000a\000\040\000D\000e\000p\000a\000n}{part.5}% 98
\BOOKMARK [1][-]{section.14.1}{\376\377\000B\000i\000a\000s\000\040\000d\000a\000n\000\040\000F\000a\000i\000r\000n\000e\000s\000s}{chapter.14}% 99
\BOOKMARK [1][-]{section.14.2}{\376\377\000P\000r\000i\000v\000a\000s\000i\000\040\000D\000a\000t\000a\000:\000\040\000J\000a\000n\000g\000a\000n\000\040\000U\000p\000l\000o\000a\000d\000\040\000R\000a\000h\000a\000s\000i\000a\000!}{chapter.14}% 100
\BOOKMARK [1][-]{section.14.3}{\376\377\000D\000e\000e\000p\000f\000a\000k\000e\000s\000\040\000d\000a\000n\000\040\000M\000i\000s\000i\000n\000f\000o\000r\000m\000a\000s\000i}{chapter.14}% 101
\BOOKMARK [1][-]{section.14.4}{\376\377\000P\000r\000o\000m\000p\000t\000\040\000I\000n\000j\000e\000c\000t\000i\000o\000n\000\040\000A\000t\000t\000a\000c\000k\000s}{chapter.14}% 102
\BOOKMARK [1][-]{section.14.5}{\376\377\000M\000a\000s\000a\000\040\000D\000e\000p\000a\000n\000\040\000P\000e\000k\000e\000r\000j\000a\000a\000n}{chapter.14}% 103
\BOOKMARK [1][-]{section.14.6}{\376\377\000S\000k\000i\000l\000l\000\040\000B\000a\000r\000u\000\040\000y\000a\000n\000g\000\040\000D\000i\000b\000u\000t\000u\000h\000k\000a\000n}{chapter.14}% 104
\BOOKMARK [-1][-]{part.6}{\376\377\000V\000I\000\040\000L\000a\000b\000o\000r\000a\000t\000o\000r\000i\000u\000m\000\040\000P\000r\000a\000k\000t\000i\000k\000\040\000A\000I\000\040\000\050\000H\000a\000n\000d\000s\000-\000O\000n\000\040\000L\000a\000b\000s\000\051}{}% 105
\BOOKMARK [0][-]{chapter.15}{\376\377\000L\000a\000b\000\040\0001\000:\000\040\000M\000e\000m\000b\000a\000n\000g\000u\000n\000\040\000A\000p\000l\000i\000k\000a\000s\000i\000\040\000R\000A\000G\000\040\000F\000u\000l\000l\000-\000S\000t\000a\000c\000k}{part.6}% 106
\BOOKMARK [1][-]{section.15.1}{\376\377\000A\000r\000s\000i\000t\000e\000k\000t\000u\000r\000\040\000S\000i\000s\000t\000e\000m}{chapter.15}% 107
\BOOKMARK [1][-]{section.15.2}{\376\377\000P\000e\000r\000s\000i\000a\000p\000a\000n\000\040\000E\000n\000v\000i\000r\000o\000n\000m\000e\000n\000t}{chapter.15}% 108
\BOOKMARK [1][-]{section.15.3}{\376\377\000K\000o\000d\000e\000\040\000U\000t\000a\000m\000a\000:\000\040\000a\000p\000p\000.\000p\000y}{chapter.15}% 109
\BOOKMARK [1][-]{section.15.4}{\376\377\000C\000a\000r\000a\000\040\000M\000e\000n\000j\000a\000l\000a\000n\000k\000a\000n}{chapter.15}% 110
\BOOKMARK [0][-]{chapter.16}{\376\377\000L\000a\000b\000\040\0002\000:\000\040\000F\000i\000n\000e\000-\000T\000u\000n\000i\000n\000g\000\040\000L\000L\000M\000\040\000\050\000Q\000L\000o\000R\000A\000\051}{part.6}% 111
\BOOKMARK [1][-]{section.16.1}{\376\377\000P\000e\000r\000s\000i\000a\000p\000a\000n\000\040\000D\000a\000t\000a\000s\000e\000t}{chapter.16}% 112
\BOOKMARK [1][-]{section.16.2}{\376\377\000K\000o\000d\000e\000\040\000N\000o\000t\000e\000b\000o\000o\000k\000\040\000\050\000G\000o\000o\000g\000l\000e\000\040\000C\000o\000l\000a\000b\000\051}{chapter.16}% 113
\BOOKMARK [2][-]{subsection.16.2.1}{\376\377\0001\000.\000\040\000I\000n\000s\000t\000a\000l\000l\000\040\000L\000i\000b\000r\000a\000r\000i\000e\000s}{section.16.2}% 114
\BOOKMARK [2][-]{subsection.16.2.2}{\376\377\0002\000.\000\040\000L\000o\000a\000d\000\040\000M\000o\000d\000e\000l\000\040\000\046\000\040\000T\000o\000k\000e\000n\000i\000z\000e\000r}{section.16.2}% 115
\BOOKMARK [2][-]{subsection.16.2.3}{\376\377\0003\000.\000\040\000S\000e\000t\000u\000p\000\040\000L\000o\000R\000A\000\040\000C\000o\000n\000f\000i\000g}{section.16.2}% 116
\BOOKMARK [2][-]{subsection.16.2.4}{\376\377\0004\000.\000\040\000T\000r\000a\000i\000n\000i\000n\000g\000\040\000L\000o\000o\000p}{section.16.2}% 117
\BOOKMARK [0][-]{chapter.17}{\376\377\000L\000a\000b\000\040\0003\000:\000\040\000M\000e\000m\000b\000a\000n\000g\000u\000n\000\040\000A\000I\000\040\000A\000g\000e\000n\000t\000\040\000d\000a\000r\000i\000\040\000N\000o\000l}{part.6}% 118
\BOOKMARK [1][-]{section.17.1}{\376\377\000L\000o\000g\000i\000k\000a\000\040\000R\000e\000A\000c\000t\000\040\000\050\000R\000e\000a\000s\000o\000n\000\040\000+\000\040\000A\000c\000t\000\051}{chapter.17}% 119
\BOOKMARK [1][-]{section.17.2}{\376\377\000M\000e\000n\000j\000a\000l\000a\000n\000k\000a\000n\000\040\000L\000o\000o\000p}{chapter.17}% 120
\BOOKMARK [0][-]{chapter.18}{\376\377\000L\000a\000b\000\040\0004\000:\000\040\000C\000o\000m\000p\000u\000t\000e\000r\000\040\000V\000i\000s\000i\000o\000n\000\040\000P\000i\000p\000e\000l\000i\000n\000e}{part.6}% 121
\BOOKMARK [1][-]{section.18.1}{\376\377\000P\000e\000r\000s\000i\000a\000p\000a\000n}{chapter.18}% 122
\BOOKMARK [1][-]{section.18.2}{\376\377\000K\000o\000d\000e\000\040\000P\000e\000n\000d\000e\000t\000e\000k\000s\000i\000\040\000W\000a\000j\000a\000h}{chapter.18}% 123
\BOOKMARK [0][-]{chapter.19}{\376\377\000L\000a\000b\000\040\0005\000:\000\040\000V\000o\000i\000c\000e\000\040\000A\000s\000s\000i\000s\000t\000a\000n\000t\000\040\000\050\000J\000.\000A\000.\000R\000.\000V\000.\000I\000.\000S\000\040\000M\000i\000n\000i\000\051}{part.6}% 124
\BOOKMARK [1][-]{section.19.1}{\376\377\000A\000r\000s\000i\000t\000e\000k\000t\000u\000r}{chapter.19}% 125
\BOOKMARK [1][-]{section.19.2}{\376\377\000K\000o\000d\000e\000\040\000I\000m\000p\000l\000e\000m\000e\000n\000t\000a\000s\000i}{chapter.19}% 126
\BOOKMARK [0][-]{chapter.20}{\376\377\000C\000o\000o\000k\000b\000o\000o\000k\000:\000\040\000R\000e\000s\000e\000p\000\040\000P\000r\000a\000k\000t\000i\000s\000\040\000A\000I}{part.6}% 127
\BOOKMARK [1][-]{section.20.1}{\376\377\000R\000e\000s\000e\000p\000\040\0001\000:\000\040\000S\000e\000t\000u\000p\000\040\000O\000p\000e\000n\000A\000I\000\040\000C\000l\000i\000e\000n\000t}{chapter.20}% 128
\BOOKMARK [1][-]{section.20.2}{\376\377\000R\000e\000s\000e\000p\000\040\0002\000:\000\040\000S\000i\000m\000p\000l\000e\000\040\000C\000h\000a\000t\000\040\000C\000o\000m\000p\000l\000e\000t\000i\000o\000n}{chapter.20}% 129
\BOOKMARK [1][-]{section.20.3}{\376\377\000R\000e\000s\000e\000p\000\040\0003\000:\000\040\000M\000e\000n\000g\000h\000i\000t\000u\000n\000g\000\040\000T\000o\000k\000e\000n\000\040\000\050\000T\000i\000k\000t\000o\000k\000e\000n\000\051}{chapter.20}% 130
\BOOKMARK [1][-]{section.20.4}{\376\377\000R\000e\000s\000e\000p\000\040\0004\000:\000\040\000S\000t\000r\000e\000a\000m\000i\000n\000g\000\040\000R\000e\000s\000p\000o\000n\000s\000e\000\040\000\050\000E\000f\000e\000k\000\040\000M\000e\000s\000i\000k\000\040\000K\000e\000t\000i\000k\000\051}{chapter.20}% 131
\BOOKMARK [1][-]{section.20.5}{\376\377\000R\000e\000s\000e\000p\000\040\0005\000:\000\040\000J\000S\000O\000N\000\040\000M\000o\000d\000e\000\040\000\050\000S\000t\000r\000u\000c\000t\000u\000r\000e\000d\000\040\000O\000u\000t\000p\000u\000t\000\051}{chapter.20}% 132
\BOOKMARK [1][-]{section.20.6}{\376\377\000R\000e\000s\000e\000p\000\040\0006\000:\000\040\000F\000e\000w\000-\000S\000h\000o\000t\000\040\000P\000r\000o\000m\000p\000t\000i\000n\000g}{chapter.20}% 133
\BOOKMARK [1][-]{section.20.7}{\376\377\000R\000e\000s\000e\000p\000\040\0007\000:\000\040\000H\000a\000n\000d\000l\000i\000n\000g\000\040\000A\000P\000I\000\040\000E\000r\000r\000o\000r\000s\000\040\000\050\000R\000e\000t\000r\000y\000\040\000L\000o\000g\000i\000c\000\051}{chapter.20}% 134
\BOOKMARK [1][-]{section.20.8}{\376\377\000R\000e\000s\000e\000p\000\040\0008\000:\000\040\000E\000m\000b\000e\000d\000d\000i\000n\000g\000\040\000T\000e\000x\000t}{chapter.20}% 135
\BOOKMARK [1][-]{section.20.9}{\376\377\000R\000e\000s\000e\000p\000\040\0009\000:\000\040\000C\000o\000s\000i\000n\000e\000\040\000S\000i\000m\000i\000l\000a\000r\000i\000t\000y\000\040\000\050\000M\000e\000m\000b\000a\000n\000d\000i\000n\000g\000k\000a\000n\000\040\0002\000\040\000T\000e\000k\000s\000\051}{chapter.20}% 136
\BOOKMARK [1][-]{section.20.10}{\376\377\000R\000e\000s\000e\000p\000\040\0001\0000\000:\000\040\000S\000i\000m\000p\000l\000e\000\040\000R\000A\000G\000\040\000\050\000R\000e\000t\000r\000i\000e\000v\000a\000l\000-\000A\000u\000g\000m\000e\000n\000t\000e\000d\000\040\000G\000e\000n\000e\000r\000a\000t\000i\000o\000n\000\051}{chapter.20}% 137
\BOOKMARK [1][-]{section.20.11}{\376\377\000R\000e\000s\000e\000p\000\040\0001\0001\000:\000\040\000C\000h\000u\000n\000k\000i\000n\000g\000\040\000T\000e\000x\000t\000\040\000\050\000M\000e\000m\000e\000c\000a\000h\000\040\000D\000o\000k\000u\000m\000e\000n\000\040\000P\000a\000n\000j\000a\000n\000g\000\051}{chapter.20}% 138
\BOOKMARK [1][-]{section.20.12}{\376\377\000R\000e\000s\000e\000p\000\040\0001\0002\000:\000\040\000M\000e\000n\000y\000i\000m\000p\000a\000n\000\040\000V\000e\000k\000t\000o\000r\000\040\000k\000e\000\040\000C\000h\000r\000o\000m\000a\000D\000B}{chapter.20}% 139
\BOOKMARK [1][-]{section.20.13}{\376\377\000R\000e\000s\000e\000p\000\040\0001\0003\000:\000\040\000Q\000u\000e\000r\000y\000\040\000C\000h\000r\000o\000m\000a\000D\000B}{chapter.20}% 140
\BOOKMARK [1][-]{section.20.14}{\376\377\000R\000e\000s\000e\000p\000\040\0001\0004\000:\000\040\000K\000l\000a\000s\000i\000f\000i\000k\000a\000s\000i\000\040\000T\000e\000k\000s\000\040\000d\000e\000n\000g\000a\000n\000\040\000L\000L\000M}{chapter.20}% 141
\BOOKMARK [1][-]{section.20.15}{\376\377\000R\000e\000s\000e\000p\000\040\0001\0005\000:\000\040\000S\000u\000m\000m\000a\000r\000i\000z\000a\000t\000i\000o\000n\000\040\000\050\000M\000e\000r\000i\000n\000g\000k\000a\000s\000\040\000T\000e\000k\000s\000\051}{chapter.20}% 142
\BOOKMARK [1][-]{section.20.16}{\376\377\000R\000e\000s\000e\000p\000\040\0001\0006\000:\000\040\000T\000r\000a\000n\000s\000l\000a\000t\000i\000o\000n\000\040\000\050\000P\000e\000n\000e\000r\000j\000e\000m\000a\000h\000\040\000U\000n\000i\000v\000e\000r\000s\000a\000l\000\051}{chapter.20}% 143
\BOOKMARK [1][-]{section.20.17}{\376\377\000R\000e\000s\000e\000p\000\040\0001\0007\000:\000\040\000M\000e\000m\000p\000e\000r\000b\000a\000i\000k\000i\000\040\000G\000r\000a\000m\000m\000a\000r\000\040\000\050\000P\000r\000o\000o\000f\000r\000e\000a\000d\000i\000n\000g\000\051}{chapter.20}% 144
\BOOKMARK [1][-]{section.20.18}{\376\377\000R\000e\000s\000e\000p\000\040\0001\0008\000:\000\040\000G\000e\000n\000e\000r\000a\000t\000e\000\040\000D\000a\000t\000a\000\040\000D\000u\000m\000m\000y\000\040\000\050\000F\000a\000k\000e\000r\000\051}{chapter.20}% 145
\BOOKMARK [1][-]{section.20.19}{\376\377\000R\000e\000s\000e\000p\000\040\0001\0009\000:\000\040\000S\000e\000n\000t\000i\000m\000e\000n\000t\000\040\000A\000n\000a\000l\000y\000s\000i\000s\000\040\000B\000a\000t\000c\000h}{chapter.20}% 146
\BOOKMARK [1][-]{section.20.20}{\376\377\000R\000e\000s\000e\000p\000\040\0002\0000\000:\000\040\000M\000o\000d\000e\000r\000a\000s\000i\000\040\000K\000o\000n\000t\000e\000n\000\040\000\050\000S\000a\000f\000e\000t\000y\000\051}{chapter.20}% 147
\BOOKMARK [1][-]{section.20.21}{\376\377\000R\000e\000s\000e\000p\000\040\0002\0001\000:\000\040\000I\000m\000a\000g\000e\000\040\000G\000e\000n\000e\000r\000a\000t\000i\000o\000n\000\040\000d\000e\000n\000g\000a\000n\000\040\000D\000A\000L\000L\000-\000E\000\040\0003}{chapter.20}% 148
\BOOKMARK [1][-]{section.20.22}{\376\377\000R\000e\000s\000e\000p\000\040\0002\0002\000:\000\040\000V\000i\000s\000i\000o\000n\000\040\000A\000P\000I\000\040\000\050\000A\000n\000a\000l\000i\000s\000i\000s\000\040\000G\000a\000m\000b\000a\000r\000\051}{chapter.20}% 149
\BOOKMARK [1][-]{section.20.23}{\376\377\000R\000e\000s\000e\000p\000\040\0002\0003\000:\000\040\000T\000e\000x\000t\000-\000t\000o\000-\000S\000p\000e\000e\000c\000h\000\040\000\050\000T\000T\000S\000\051}{chapter.20}% 150
\BOOKMARK [1][-]{section.20.24}{\376\377\000R\000e\000s\000e\000p\000\040\0002\0004\000:\000\040\000S\000p\000e\000e\000c\000h\000-\000t\000o\000-\000T\000e\000x\000t\000\040\000\050\000T\000r\000a\000n\000s\000k\000r\000i\000p\000s\000i\000\051}{chapter.20}% 151
\BOOKMARK [1][-]{section.20.25}{\376\377\000R\000e\000s\000e\000p\000\040\0002\0005\000:\000\040\000B\000a\000t\000c\000h\000\040\000P\000r\000o\000c\000e\000s\000s\000i\000n\000g\000\040\000A\000P\000I\000\040\000\050\000H\000e\000m\000a\000t\000\040\0005\0000\000\045\000\051}{chapter.20}% 152
\BOOKMARK [1][-]{section.20.26}{\376\377\000R\000e\000s\000e\000p\000\040\0002\0006\000:\000\040\000H\000y\000b\000r\000i\000d\000\040\000S\000e\000a\000r\000c\000h\000\040\000\050\000K\000e\000y\000w\000o\000r\000d\000\040\000+\000\040\000V\000e\000c\000t\000o\000r\000\051}{chapter.20}% 153
\BOOKMARK [1][-]{section.20.27}{\376\377\000R\000e\000s\000e\000p\000\040\0002\0007\000:\000\040\000P\000a\000r\000e\000n\000t\000\040\000D\000o\000c\000u\000m\000e\000n\000t\000\040\000R\000e\000t\000r\000i\000e\000v\000e\000r}{chapter.20}% 154
\BOOKMARK [1][-]{section.20.28}{\376\377\000R\000e\000s\000e\000p\000\040\0002\0008\000:\000\040\000M\000u\000l\000t\000i\000-\000Q\000u\000e\000r\000y\000\040\000R\000e\000t\000r\000i\000e\000v\000e\000r}{chapter.20}% 155
\BOOKMARK [1][-]{section.20.29}{\376\377\000R\000e\000s\000e\000p\000\040\0002\0009\000:\000\040\000S\000e\000l\000f\000-\000Q\000u\000e\000r\000y\000i\000n\000g\000\040\000R\000e\000t\000r\000i\000e\000v\000e\000r}{chapter.20}% 156
\BOOKMARK [1][-]{section.20.30}{\376\377\000R\000e\000s\000e\000p\000\040\0003\0000\000:\000\040\000C\000o\000n\000t\000e\000x\000t\000u\000a\000l\000\040\000C\000o\000m\000p\000r\000e\000s\000s\000i\000o\000n}{chapter.20}% 157
\BOOKMARK [1][-]{section.20.31}{\376\377\000R\000e\000s\000e\000p\000\040\0003\0001\000:\000\040\000L\000a\000n\000g\000S\000m\000i\000t\000h\000\040\000E\000v\000a\000l\000u\000a\000t\000i\000o\000n}{chapter.20}% 158
\BOOKMARK [1][-]{section.20.32}{\376\377\000R\000e\000s\000e\000p\000\040\0003\0002\000:\000\040\000G\000u\000a\000r\000d\000r\000a\000i\000l\000s\000\040\000\050\000I\000n\000p\000u\000t\000\040\000V\000a\000l\000i\000d\000a\000t\000i\000o\000n\000\051}{chapter.20}% 159
\BOOKMARK [1][-]{section.20.33}{\376\377\000R\000e\000s\000e\000p\000\040\0003\0003\000:\000\040\000S\000t\000r\000u\000c\000t\000u\000r\000e\000d\000\040\000O\000u\000t\000p\000u\000t\000\040\000d\000e\000n\000g\000a\000n\000\040\000P\000y\000d\000a\000n\000t\000i\000c}{chapter.20}% 160
\BOOKMARK [1][-]{section.20.34}{\376\377\000R\000e\000s\000e\000p\000\040\0003\0004\000:\000\040\000C\000u\000s\000t\000o\000m\000\040\000K\000n\000o\000w\000l\000e\000d\000g\000e\000\040\000B\000a\000s\000e\000\040\000d\000e\000n\000g\000a\000n\000\040\000L\000l\000a\000m\000a\000I\000n\000d\000e\000x}{chapter.20}% 161
\BOOKMARK [1][-]{section.20.35}{\376\377\000R\000e\000s\000e\000p\000\040\0003\0005\000:\000\040\000D\000e\000p\000l\000o\000y\000\040\000M\000o\000d\000e\000l\000\040\000L\000o\000k\000a\000l\000\040\000d\000e\000n\000g\000a\000n\000\040\000O\000l\000l\000a\000m\000a}{chapter.20}% 162
\BOOKMARK [1][-]{section.20.36}{\376\377\000R\000e\000s\000e\000p\000\040\0003\0006\000:\000\040\000S\000u\000m\000m\000a\000r\000i\000z\000a\000t\000i\000o\000n\000\040\000P\000a\000n\000j\000a\000n\000g\000\040\000\050\000M\000a\000p\000-\000R\000e\000d\000u\000c\000e\000\051}{chapter.20}% 163
\BOOKMARK [1][-]{section.20.37}{\376\377\000R\000e\000s\000e\000p\000\040\0003\0007\000:\000\040\000C\000h\000a\000t\000\040\000M\000e\000m\000o\000r\000y\000\040\000S\000e\000d\000e\000r\000h\000a\000n\000a}{chapter.20}% 164
\BOOKMARK [1][-]{section.20.38}{\376\377\000R\000e\000s\000e\000p\000\040\0003\0008\000:\000\040\000C\000h\000a\000t\000\040\000M\000e\000m\000o\000r\000y\000\040\000H\000e\000m\000a\000t\000\040\000T\000o\000k\000e\000n\000\040\000\050\000S\000u\000m\000m\000a\000r\000y\000\051}{chapter.20}% 165
\BOOKMARK [1][-]{section.20.39}{\376\377\000R\000e\000s\000e\000p\000\040\0003\0009\000:\000\040\000A\000n\000a\000l\000i\000s\000i\000s\000\040\000S\000e\000n\000t\000i\000m\000e\000n\000\040\000T\000e\000r\000s\000t\000r\000u\000k\000t\000u\000r}{chapter.20}% 166
\BOOKMARK [1][-]{section.20.40}{\376\377\000R\000e\000s\000e\000p\000\040\0004\0000\000:\000\040\000E\000k\000s\000t\000r\000a\000k\000s\000i\000\040\000E\000n\000t\000i\000t\000a\000s\000\040\000\050\000N\000E\000R\000\051}{chapter.20}% 167
\BOOKMARK [1][-]{section.20.41}{\376\377\000R\000e\000s\000e\000p\000\040\0004\0001\000:\000\040\000S\000e\000l\000f\000-\000C\000o\000r\000r\000e\000c\000t\000i\000n\000g\000\040\000C\000o\000d\000e\000\040\000G\000e\000n\000e\000r\000a\000t\000o\000r}{chapter.20}% 168
\BOOKMARK [1][-]{section.20.42}{\376\377\000R\000e\000s\000e\000p\000\040\0004\0002\000:\000\040\000T\000e\000x\000t\000-\000t\000o\000-\000S\000Q\000L\000\040\000\050\000C\000h\000a\000t\000\040\000d\000e\000n\000g\000a\000n\000\040\000D\000a\000t\000a\000b\000a\000s\000e\000\051}{chapter.20}% 169
\BOOKMARK [1][-]{section.20.43}{\376\377\000R\000e\000s\000e\000p\000\040\0004\0003\000:\000\040\000A\000n\000a\000l\000i\000s\000i\000s\000\040\000C\000S\000V\000\040\000d\000e\000n\000g\000a\000n\000\040\000P\000a\000n\000d\000a\000s\000\040\000A\000g\000e\000n\000t}{chapter.20}% 170
\BOOKMARK [1][-]{section.20.44}{\376\377\000R\000e\000s\000e\000p\000\040\0004\0004\000:\000\040\000C\000h\000a\000t\000\040\000d\000e\000n\000g\000a\000n\000\040\000P\000D\000F\000\040\000\050\000P\000y\000P\000D\000F\000L\000o\000a\000d\000e\000r\000\051}{chapter.20}% 171
\BOOKMARK [1][-]{section.20.45}{\376\377\000R\000e\000s\000e\000p\000\040\0004\0005\000:\000\040\000Y\000o\000u\000T\000u\000b\000e\000\040\000S\000u\000m\000m\000a\000r\000i\000z\000e\000r}{chapter.20}% 172
\BOOKMARK [1][-]{section.20.46}{\376\377\000R\000e\000s\000e\000p\000\040\0004\0006\000:\000\040\000W\000e\000b\000\040\000S\000c\000r\000a\000p\000i\000n\000g\000\040\000A\000g\000e\000n\000t}{chapter.20}% 173
\BOOKMARK [1][-]{section.20.47}{\376\377\000R\000e\000s\000e\000p\000\040\0004\0007\000:\000\040\000M\000u\000l\000t\000i\000-\000M\000o\000d\000a\000l\000\040\000\050\000G\000a\000m\000b\000a\000r\000\040\000+\000\040\000T\000e\000k\000s\000\051}{chapter.20}% 174
\BOOKMARK [1][-]{section.20.48}{\376\377\000R\000e\000s\000e\000p\000\040\0004\0008\000:\000\040\000F\000u\000n\000c\000t\000i\000o\000n\000\040\000C\000a\000l\000l\000i\000n\000g\000\040\000\050\000C\000u\000a\000c\000a\000\051}{chapter.20}% 175
\BOOKMARK [1][-]{section.20.49}{\376\377\000R\000e\000s\000e\000p\000\040\0004\0009\000:\000\040\000C\000u\000s\000t\000o\000m\000\040\000T\000o\000o\000l\000\040\000\050\000K\000a\000l\000k\000u\000l\000a\000t\000o\000r\000\051}{chapter.20}% 176
\BOOKMARK [1][-]{section.20.50}{\376\377\000R\000e\000s\000e\000p\000\040\0005\0000\000:\000\040\000R\000e\000A\000c\000t\000\040\000A\000g\000e\000n\000t\000\040\000\050\000R\000e\000a\000s\000o\000n\000\040\000+\000\040\000A\000c\000t\000\051}{chapter.20}% 177
\BOOKMARK [1][-]{section.20.51}{\376\377\000R\000e\000s\000e\000p\000\040\0005\0001\000:\000\040\000P\000r\000o\000m\000p\000t\000\040\000C\000h\000a\000i\000n\000i\000n\000g\000\040\000\050\000S\000t\000e\000p\000-\000b\000y\000-\000S\000t\000e\000p\000\051}{chapter.20}% 178
\BOOKMARK [1][-]{section.20.52}{\376\377\000R\000e\000s\000e\000p\000\040\0005\0002\000:\000\040\000F\000e\000w\000-\000S\000h\000o\000t\000\040\000P\000r\000o\000m\000p\000t\000i\000n\000g\000\040\000D\000i\000n\000a\000m\000i\000s}{chapter.20}% 179
\BOOKMARK [1][-]{section.20.53}{\376\377\000R\000e\000s\000e\000p\000\040\0005\0003\000:\000\040\000K\000l\000a\000s\000i\000f\000i\000k\000a\000s\000i\000\040\000Z\000e\000r\000o\000-\000S\000h\000o\000t\000\040\000d\000e\000n\000g\000a\000n\000\040\000E\000m\000b\000e\000d\000d\000i\000n\000g}{chapter.20}% 180
\BOOKMARK [1][-]{section.20.54}{\376\377\000R\000e\000s\000e\000p\000\040\0005\0004\000:\000\040\000S\000e\000m\000a\000n\000t\000i\000c\000\040\000C\000l\000u\000s\000t\000e\000r\000i\000n\000g}{chapter.20}% 181
\BOOKMARK [1][-]{section.20.55}{\376\377\000R\000e\000s\000e\000p\000\040\0005\0005\000:\000\040\000A\000n\000o\000m\000a\000l\000y\000\040\000D\000e\000t\000e\000c\000t\000i\000o\000n\000\040\000\050\000O\000u\000t\000l\000i\000e\000r\000\051}{chapter.20}% 182
\BOOKMARK [0][-]{chapter.21}{\376\377\000D\000e\000p\000l\000o\000y\000m\000e\000n\000t\000\040\000\046\000\040\000P\000r\000o\000d\000u\000c\000t\000i\000o\000n\000:\000\040\000D\000a\000r\000i\000\040\000L\000a\000p\000t\000o\000p\000\040\000k\000e\000\040\000C\000l\000o\000u\000d}{part.6}% 183
\BOOKMARK [1][-]{section.21.1}{\376\377\000M\000e\000m\000b\000a\000n\000g\000u\000n\000\040\000A\000P\000I\000\040\000d\000e\000n\000g\000a\000n\000\040\000F\000a\000s\000t\000A\000P\000I}{chapter.21}% 184
\BOOKMARK [2][-]{subsection.21.1.1}{\376\377\0001\000.\000\040\000S\000t\000r\000u\000k\000t\000u\000r\000\040\000P\000r\000o\000j\000e\000c\000t}{section.21.1}% 185
\BOOKMARK [2][-]{subsection.21.1.2}{\376\377\0002\000.\000\040\000C\000o\000d\000e\000:\000\040\000m\000a\000i\000n\000.\000p\000y}{section.21.1}% 186
\BOOKMARK [2][-]{subsection.21.1.3}{\376\377\0003\000.\000\040\000M\000e\000n\000j\000a\000l\000a\000n\000k\000a\000n\000\040\000S\000e\000r\000v\000e\000r}{section.21.1}% 187
\BOOKMARK [1][-]{section.21.2}{\376\377\000C\000o\000n\000t\000a\000i\000n\000e\000r\000i\000z\000a\000t\000i\000o\000n\000\040\000d\000e\000n\000g\000a\000n\000\040\000D\000o\000c\000k\000e\000r}{chapter.21}% 188
\BOOKMARK [2][-]{subsection.21.2.1}{\376\377\0001\000.\000\040\000D\000o\000c\000k\000e\000r\000f\000i\000l\000e}{section.21.2}% 189
\BOOKMARK [2][-]{subsection.21.2.2}{\376\377\0002\000.\000\040\000B\000u\000i\000l\000d\000\040\000\046\000\040\000R\000u\000n}{section.21.2}% 190
\BOOKMARK [1][-]{section.21.3}{\376\377\000D\000e\000p\000l\000o\000y\000m\000e\000n\000t\000\040\000k\000e\000\040\000C\000l\000o\000u\000d}{chapter.21}% 191
\BOOKMARK [2][-]{subsection.21.3.1}{\376\377\000O\000p\000s\000i\000\040\0001\000:\000\040\000H\000u\000g\000g\000i\000n\000g\000\040\000F\000a\000c\000e\000\040\000S\000p\000a\000c\000e\000s\000\040\000\050\000G\000r\000a\000t\000i\000s\000/\000M\000u\000d\000a\000h\000\051}{section.21.3}% 192
\BOOKMARK [2][-]{subsection.21.3.2}{\376\377\000O\000p\000s\000i\000\040\0002\000:\000\040\000R\000a\000i\000l\000w\000a\000y\000\040\000/\000\040\000R\000e\000n\000d\000e\000r\000\040\000\050\000P\000a\000a\000S\000\051}{section.21.3}% 193
\BOOKMARK [2][-]{subsection.21.3.3}{\376\377\000O\000p\000s\000i\000\040\0003\000:\000\040\000A\000W\000S\000\040\000E\000C\0002\000\040\000\050\000M\000a\000n\000u\000a\000l\000/\000E\000n\000t\000e\000r\000p\000r\000i\000s\000e\000\051}{section.21.3}% 194
\BOOKMARK [1][-]{section.21.4}{\376\377\000M\000o\000n\000i\000t\000o\000r\000i\000n\000g\000\040\000\046\000\040\000O\000b\000s\000e\000r\000v\000a\000b\000i\000l\000i\000t\000y}{chapter.21}% 195
\BOOKMARK [2][-]{subsection.21.4.1}{\376\377\000L\000a\000n\000g\000S\000m\000i\000t\000h\000\040\000\050\000b\000y\000\040\000L\000a\000n\000g\000C\000h\000a\000i\000n\000\051}{section.21.4}% 196
\BOOKMARK [2][-]{subsection.21.4.2}{\376\377\000L\000o\000g\000g\000i\000n\000g\000\040\000S\000e\000d\000e\000r\000h\000a\000n\000a}{section.21.4}% 197
\BOOKMARK [1][-]{section.21.5}{\376\377\000S\000e\000c\000u\000r\000i\000t\000y\000\040\000C\000h\000e\000c\000k\000l\000i\000s\000t\000\040\000u\000n\000t\000u\000k\000\040\000P\000r\000o\000d\000u\000k\000s\000i}{chapter.21}% 198
\BOOKMARK [-1][-]{part.7}{\376\377\000V\000I\000I\000\040\000T\000e\000o\000r\000i\000\040\000M\000e\000n\000d\000a\000l\000a\000m\000\040\000\050\000T\000h\000e\000o\000r\000e\000t\000i\000c\000a\000l\000\040\000D\000e\000e\000p\000\040\000D\000i\000v\000e\000\051}{}% 199
\BOOKMARK [0][-]{chapter.22}{\376\377\000T\000h\000e\000\040\000M\000a\000t\000h\000e\000m\000a\000t\000i\000c\000s\000\040\000o\000f\000\040\000D\000e\000e\000p\000\040\000L\000e\000a\000r\000n\000i\000n\000g}{part.7}% 200
\BOOKMARK [1][-]{section.22.1}{\376\377\000L\000i\000n\000e\000a\000r\000\040\000A\000l\000g\000e\000b\000r\000a\000:\000\040\000T\000h\000e\000\040\000L\000a\000n\000g\000u\000a\000g\000e\000\040\000o\000f\000\040\000D\000a\000t\000a}{chapter.22}% 201
\BOOKMARK [2][-]{subsection.22.1.1}{\376\377\000T\000e\000n\000s\000o\000r\000s\000\040\000a\000n\000d\000\040\000D\000i\000m\000e\000n\000s\000i\000o\000n\000s}{section.22.1}% 202
\BOOKMARK [2][-]{subsection.22.1.2}{\376\377\000M\000a\000t\000r\000i\000x\000\040\000M\000u\000l\000t\000i\000p\000l\000i\000c\000a\000t\000i\000o\000n\000\040\000\050\000D\000o\000t\000\040\000P\000r\000o\000d\000u\000c\000t\000\051}{section.22.1}% 203
\BOOKMARK [1][-]{section.22.2}{\376\377\000C\000a\000l\000c\000u\000l\000u\000s\000:\000\040\000T\000h\000e\000\040\000E\000n\000g\000i\000n\000e\000\040\000o\000f\000\040\000L\000e\000a\000r\000n\000i\000n\000g}{chapter.22}% 204
\BOOKMARK [2][-]{subsection.22.2.1}{\376\377\000T\000h\000e\000\040\000G\000r\000a\000d\000i\000e\000n\000t}{section.22.2}% 205
\BOOKMARK [2][-]{subsection.22.2.2}{\376\377\000T\000h\000e\000\040\000C\000h\000a\000i\000n\000\040\000R\000u\000l\000e\000\040\000a\000n\000d\000\040\000B\000a\000c\000k\000p\000r\000o\000p\000a\000g\000a\000t\000i\000o\000n}{section.22.2}% 206
\BOOKMARK [1][-]{section.22.3}{\376\377\000O\000p\000t\000i\000m\000i\000z\000a\000t\000i\000o\000n\000\040\000A\000l\000g\000o\000r\000i\000t\000h\000m\000s}{chapter.22}% 207
\BOOKMARK [2][-]{subsection.22.3.1}{\376\377\000S\000t\000o\000c\000h\000a\000s\000t\000i\000c\000\040\000G\000r\000a\000d\000i\000e\000n\000t\000\040\000D\000e\000s\000c\000e\000n\000t\000\040\000\050\000S\000G\000D\000\051}{section.22.3}% 208
\BOOKMARK [2][-]{subsection.22.3.2}{\376\377\000A\000d\000a\000m\000\040\000\050\000A\000d\000a\000p\000t\000i\000v\000e\000\040\000M\000o\000m\000e\000n\000t\000\040\000E\000s\000t\000i\000m\000a\000t\000i\000o\000n\000\051}{section.22.3}% 209
\BOOKMARK [1][-]{section.22.4}{\376\377\000A\000c\000t\000i\000v\000a\000t\000i\000o\000n\000\040\000F\000u\000n\000c\000t\000i\000o\000n\000s}{chapter.22}% 210
\BOOKMARK [2][-]{subsection.22.4.1}{\376\377\000S\000i\000g\000m\000o\000i\000d\000\040\000a\000n\000d\000\040\000T\000a\000n\000h}{section.22.4}% 211
\BOOKMARK [2][-]{subsection.22.4.2}{\376\377\000R\000e\000L\000U\000\040\000\050\000R\000e\000c\000t\000i\000f\000i\000e\000d\000\040\000L\000i\000n\000e\000a\000r\000\040\000U\000n\000i\000t\000\051}{section.22.4}% 212
\BOOKMARK [2][-]{subsection.22.4.3}{\376\377\000G\000e\000L\000U\000\040\000\050\000G\000a\000u\000s\000s\000i\000a\000n\000\040\000E\000r\000r\000o\000r\000\040\000L\000i\000n\000e\000a\000r\000\040\000U\000n\000i\000t\000\051}{section.22.4}% 213
\BOOKMARK [1][-]{section.22.5}{\376\377\000L\000o\000s\000s\000\040\000F\000u\000n\000c\000t\000i\000o\000n\000s}{chapter.22}% 214
\BOOKMARK [2][-]{subsection.22.5.1}{\376\377\000M\000e\000a\000n\000\040\000S\000q\000u\000a\000r\000e\000d\000\040\000E\000r\000r\000o\000r\000\040\000\050\000M\000S\000E\000\051}{section.22.5}% 215
\BOOKMARK [2][-]{subsection.22.5.2}{\376\377\000C\000r\000o\000s\000s\000-\000E\000n\000t\000r\000o\000p\000y\000\040\000L\000o\000s\000s}{section.22.5}% 216
\BOOKMARK [1][-]{section.22.6}{\376\377\000C\000o\000n\000c\000l\000u\000s\000i\000o\000n}{chapter.22}% 217
\BOOKMARK [0][-]{chapter.23}{\376\377\000T\000r\000a\000n\000s\000f\000o\000r\000m\000e\000r\000\040\000A\000r\000c\000h\000i\000t\000e\000c\000t\000u\000r\000e\000\040\000D\000e\000e\000p\000\040\000D\000i\000v\000e}{part.7}% 218
\BOOKMARK [1][-]{section.23.1}{\376\377\000T\000h\000e\000\040\000C\000o\000r\000e\000\040\000M\000e\000c\000h\000a\000n\000i\000s\000m\000:\000\040\000S\000e\000l\000f\000-\000A\000t\000t\000e\000n\000t\000i\000o\000n}{chapter.23}% 219
\BOOKMARK [2][-]{subsection.23.1.1}{\376\377\000Q\000u\000e\000r\000y\000,\000\040\000K\000e\000y\000,\000\040\000a\000n\000d\000\040\000V\000a\000l\000u\000e}{section.23.1}% 220
\BOOKMARK [2][-]{subsection.23.1.2}{\376\377\000S\000c\000a\000l\000e\000d\000\040\000D\000o\000t\000-\000P\000r\000o\000d\000u\000c\000t\000\040\000A\000t\000t\000e\000n\000t\000i\000o\000n}{section.23.1}% 221
\BOOKMARK [1][-]{section.23.2}{\376\377\000M\000u\000l\000t\000i\000-\000H\000e\000a\000d\000\040\000A\000t\000t\000e\000n\000t\000i\000o\000n}{chapter.23}% 222
\BOOKMARK [1][-]{section.23.3}{\376\377\000P\000o\000s\000i\000t\000i\000o\000n\000a\000l\000\040\000E\000n\000c\000o\000d\000i\000n\000g\000s}{chapter.23}% 223
\BOOKMARK [1][-]{section.23.4}{\376\377\000T\000h\000e\000\040\000A\000r\000c\000h\000i\000t\000e\000c\000t\000u\000r\000e\000\040\000B\000l\000o\000c\000k\000s}{chapter.23}% 224
\BOOKMARK [2][-]{subsection.23.4.1}{\376\377\000F\000e\000e\000d\000-\000F\000o\000r\000w\000a\000r\000d\000\040\000N\000e\000t\000w\000o\000r\000k}{section.23.4}% 225
\BOOKMARK [1][-]{section.23.5}{\376\377\000E\000n\000c\000o\000d\000e\000r\000\040\000v\000s\000.\000\040\000D\000e\000c\000o\000d\000e\000r\000\040\000A\000r\000c\000h\000i\000t\000e\000c\000t\000u\000r\000e\000s}{chapter.23}% 226
\BOOKMARK [2][-]{subsection.23.5.1}{\376\377\000E\000n\000c\000o\000d\000e\000r\000-\000O\000n\000l\000y\000\040\000\050\000B\000E\000R\000T\000\051}{section.23.5}% 227
\BOOKMARK [2][-]{subsection.23.5.2}{\376\377\000D\000e\000c\000o\000d\000e\000r\000-\000O\000n\000l\000y\000\040\000\050\000G\000P\000T\000\051}{section.23.5}% 228
\BOOKMARK [2][-]{subsection.23.5.3}{\376\377\000E\000n\000c\000o\000d\000e\000r\000-\000D\000e\000c\000o\000d\000e\000r\000\040\000\050\000T\0005\000,\000\040\000B\000A\000R\000T\000\051}{section.23.5}% 229
\BOOKMARK [1][-]{section.23.6}{\376\377\000V\000i\000s\000i\000o\000n\000\040\000T\000r\000a\000n\000s\000f\000o\000r\000m\000e\000r\000s\000\040\000\050\000V\000i\000T\000\051}{chapter.23}% 230
\BOOKMARK [1][-]{section.23.7}{\376\377\000C\000o\000n\000c\000l\000u\000s\000i\000o\000n}{chapter.23}% 231
\BOOKMARK [0][-]{chapter.24}{\376\377\000R\000e\000i\000n\000f\000o\000r\000c\000e\000m\000e\000n\000t\000\040\000L\000e\000a\000r\000n\000i\000n\000g\000\040\000f\000r\000o\000m\000\040\000H\000u\000m\000a\000n\000\040\000F\000e\000e\000d\000b\000a\000c\000k\000\040\000\050\000R\000L\000H\000F\000\051}{part.7}% 232
\BOOKMARK [1][-]{section.24.1}{\376\377\000T\000h\000e\000\040\000T\000h\000r\000e\000e\000\040\000S\000t\000e\000p\000s\000\040\000o\000f\000\040\000R\000L\000H\000F}{chapter.24}% 233
\BOOKMARK [2][-]{subsection.24.1.1}{\376\377\000S\000t\000e\000p\000\040\0001\000:\000\040\000S\000u\000p\000e\000r\000v\000i\000s\000e\000d\000\040\000F\000i\000n\000e\000-\000T\000u\000n\000i\000n\000g\000\040\000\050\000S\000F\000T\000\051}{section.24.1}% 234
\BOOKMARK [2][-]{subsection.24.1.2}{\376\377\000S\000t\000e\000p\000\040\0002\000:\000\040\000R\000e\000w\000a\000r\000d\000\040\000M\000o\000d\000e\000l\000i\000n\000g\000\040\000\050\000R\000M\000\051}{section.24.1}% 235
\BOOKMARK [2][-]{subsection.24.1.3}{\376\377\000S\000t\000e\000p\000\040\0003\000:\000\040\000R\000e\000i\000n\000f\000o\000r\000c\000e\000m\000e\000n\000t\000\040\000L\000e\000a\000r\000n\000i\000n\000g\000\040\000\050\000P\000P\000O\000\051}{section.24.1}% 236
\BOOKMARK [1][-]{section.24.2}{\376\377\000D\000i\000r\000e\000c\000t\000\040\000P\000r\000e\000f\000e\000r\000e\000n\000c\000e\000\040\000O\000p\000t\000i\000m\000i\000z\000a\000t\000i\000o\000n\000\040\000\050\000D\000P\000O\000\051}{chapter.24}% 237
\BOOKMARK [1][-]{section.24.3}{\376\377\000C\000o\000n\000s\000t\000i\000t\000u\000t\000i\000o\000n\000a\000l\000\040\000A\000I}{chapter.24}% 238
\BOOKMARK [1][-]{section.24.4}{\376\377\000C\000h\000a\000l\000l\000e\000n\000g\000e\000s\000\040\000a\000n\000d\000\040\000L\000i\000m\000i\000t\000a\000t\000i\000o\000n\000s}{chapter.24}% 239
\BOOKMARK [2][-]{subsection.24.4.1}{\376\377\000R\000e\000w\000a\000r\000d\000\040\000H\000a\000c\000k\000i\000n\000g}{section.24.4}% 240
\BOOKMARK [2][-]{subsection.24.4.2}{\376\377\000A\000l\000i\000g\000n\000m\000e\000n\000t\000\040\000T\000a\000x}{section.24.4}% 241
\BOOKMARK [2][-]{subsection.24.4.3}{\376\377\000W\000h\000o\000\040\000W\000a\000t\000c\000h\000e\000s\000\040\000t\000h\000e\000\040\000W\000a\000t\000c\000h\000m\000e\000n\000?}{section.24.4}% 242
\BOOKMARK [1][-]{section.24.5}{\376\377\000C\000o\000n\000c\000l\000u\000s\000i\000o\000n}{chapter.24}% 243
\BOOKMARK [-1][-]{part.8}{\376\377\000V\000I\000I\000I\000\040\000I\000m\000p\000l\000e\000m\000e\000n\000t\000a\000s\000i\000\040\000T\000i\000n\000g\000k\000a\000t\000\040\000L\000a\000n\000j\000u\000t}{}% 244
\BOOKMARK [0][-]{chapter.25}{\376\377\000C\000o\000d\000i\000n\000g\000\040\000a\000\040\000T\000r\000a\000n\000s\000f\000o\000r\000m\000e\000r\000\040\000f\000r\000o\000m\000\040\000S\000c\000r\000a\000t\000c\000h}{part.8}% 245
\BOOKMARK [1][-]{section.25.1}{\376\377\000P\000r\000e\000r\000e\000q\000u\000i\000s\000i\000t\000e\000s}{chapter.25}% 246
\BOOKMARK [1][-]{section.25.2}{\376\377\000D\000a\000t\000a\000\040\000P\000r\000e\000p\000a\000r\000a\000t\000i\000o\000n\000\040\000\046\000\040\000T\000o\000k\000e\000n\000i\000z\000a\000t\000i\000o\000n}{chapter.25}% 247
\BOOKMARK [2][-]{subsection.25.2.1}{\376\377\000T\000h\000e\000\040\000D\000a\000t\000a\000s\000e\000t}{section.25.2}% 248
\BOOKMARK [2][-]{subsection.25.2.2}{\376\377\000C\000h\000a\000r\000a\000c\000t\000e\000r\000-\000L\000e\000v\000e\000l\000\040\000T\000o\000k\000e\000n\000i\000z\000e\000r}{section.25.2}% 249
\BOOKMARK [2][-]{subsection.25.2.3}{\376\377\000B\000y\000t\000e\000\040\000P\000a\000i\000r\000\040\000E\000n\000c\000o\000d\000i\000n\000g\000\040\000\050\000B\000P\000E\000\051}{section.25.2}% 250
\BOOKMARK [2][-]{subsection.25.2.4}{\376\377\000T\000r\000a\000i\000n\000/\000V\000a\000l\000\040\000S\000p\000l\000i\000t}{section.25.2}% 251
\BOOKMARK [1][-]{section.25.3}{\376\377\000T\000h\000e\000\040\000A\000r\000c\000h\000i\000t\000e\000c\000t\000u\000r\000e\000\040\000C\000o\000m\000p\000o\000n\000e\000n\000t\000s}{chapter.25}% 252
\BOOKMARK [2][-]{subsection.25.3.1}{\376\377\000I\000m\000p\000o\000r\000t\000s\000\040\000a\000n\000d\000\040\000H\000y\000p\000e\000r\000p\000a\000r\000a\000m\000e\000t\000e\000r\000s}{section.25.3}% 253
\BOOKMARK [1][-]{section.25.4}{\376\377\000S\000e\000l\000f\000-\000A\000t\000t\000e\000n\000t\000i\000o\000n\000\040\000H\000e\000a\000d}{chapter.25}% 254
\BOOKMARK [1][-]{section.25.5}{\376\377\000M\000u\000l\000t\000i\000-\000H\000e\000a\000d\000\040\000A\000t\000t\000e\000n\000t\000i\000o\000n}{chapter.25}% 255
\BOOKMARK [1][-]{section.25.6}{\376\377\000F\000e\000e\000d\000-\000F\000o\000r\000w\000a\000r\000d\000\040\000N\000e\000t\000w\000o\000r\000k}{chapter.25}% 256
\BOOKMARK [1][-]{section.25.7}{\376\377\000T\000r\000a\000n\000s\000f\000o\000r\000m\000e\000r\000\040\000B\000l\000o\000c\000k}{chapter.25}% 257
\BOOKMARK [1][-]{section.25.8}{\376\377\000T\000h\000e\000\040\000G\000P\000T\000\040\000M\000o\000d\000e\000l}{chapter.25}% 258
\BOOKMARK [1][-]{section.25.9}{\376\377\000T\000r\000a\000i\000n\000i\000n\000g\000\040\000L\000o\000o\000p}{chapter.25}% 259
\BOOKMARK [1][-]{section.25.10}{\376\377\000C\000o\000n\000c\000l\000u\000s\000i\000o\000n}{chapter.25}% 260
\BOOKMARK [-1][-]{part.9}{\376\377\000I\000X\000\040\000L\000a\000m\000p\000i\000r\000a\000n\000\040\000\040\000R\000e\000f\000e\000r\000e\000n\000s\000i}{}% 261
\BOOKMARK [0][-]{appendix.A}{\376\377\000G\000l\000o\000s\000a\000r\000i\000u\000m\000\040\000I\000s\000t\000i\000l\000a\000h\000\040\000A\000I\000\040\000\050\000A\000-\000Z\000\051}{part.9}% 262
\BOOKMARK [0][-]{appendix.B}{\376\377\000R\000e\000f\000e\000r\000e\000n\000s\000i\000\040\000C\000e\000p\000a\000t\000\040\000P\000y\000t\000h\000o\000n\000\040\000\046\000\040\000P\000y\000T\000o\000r\000c\000h}{part.9}% 263
\BOOKMARK [1][-]{section.B.1}{\376\377\000P\000y\000t\000h\000o\000n\000\040\000D\000a\000s\000a\000r\000\040\000u\000n\000t\000u\000k\000\040\000D\000a\000t\000a\000\040\000S\000c\000i\000e\000n\000c\000e}{appendix.B}% 264
\BOOKMARK [2][-]{subsection.B.1.1}{\376\377\000L\000i\000s\000t\000\040\000C\000o\000m\000p\000r\000e\000h\000e\000n\000s\000i\000o\000n}{section.B.1}% 265
\BOOKMARK [2][-]{subsection.B.1.2}{\376\377\000L\000a\000m\000b\000d\000a\000\040\000F\000u\000n\000c\000t\000i\000o\000n\000s}{section.B.1}% 266
\BOOKMARK [2][-]{subsection.B.1.3}{\376\377\000D\000i\000c\000t\000i\000o\000n\000a\000r\000y\000\040\000C\000o\000m\000p\000r\000e\000h\000e\000n\000s\000i\000o\000n}{section.B.1}% 267
\BOOKMARK [2][-]{subsection.B.1.4}{\376\377\000a\000r\000g\000s\000\040\000d\000a\000n\000\040\000k\000w\000a\000r\000g\000s}{section.B.1}% 268
\BOOKMARK [1][-]{section.B.2}{\376\377\000N\000u\000m\000P\000y\000\040\000C\000h\000e\000a\000t\000\040\000S\000h\000e\000e\000t}{appendix.B}% 269
\BOOKMARK [1][-]{section.B.3}{\376\377\000P\000a\000n\000d\000a\000s\000\040\000C\000h\000e\000a\000t\000\040\000S\000h\000e\000e\000t}{appendix.B}% 270
\BOOKMARK [1][-]{section.B.4}{\376\377\000M\000a\000t\000p\000l\000o\000t\000l\000i\000b\000\040\000\040\000S\000e\000a\000b\000o\000r\000n}{appendix.B}% 271
\BOOKMARK [1][-]{section.B.5}{\376\377\000P\000y\000T\000o\000r\000c\000h\000\040\000C\000h\000e\000a\000t\000\040\000S\000h\000e\000e\000t}{appendix.B}% 272
\BOOKMARK [2][-]{subsection.B.5.1}{\376\377\000T\000e\000n\000s\000o\000r\000\040\000B\000a\000s\000i\000c\000s}{section.B.5}% 273
\BOOKMARK [2][-]{subsection.B.5.2}{\376\377\000A\000u\000t\000o\000g\000r\000a\000d\000\040\000\050\000A\000u\000t\000o\000m\000a\000t\000i\000c\000\040\000D\000i\000f\000f\000e\000r\000e\000n\000t\000i\000a\000t\000i\000o\000n\000\051}{section.B.5}% 274
\BOOKMARK [2][-]{subsection.B.5.3}{\376\377\000N\000e\000u\000r\000a\000l\000\040\000N\000e\000t\000w\000o\000r\000k\000\040\000M\000o\000d\000u\000l\000e\000s\000\040\000\050\000t\000o\000r\000c\000h\000.\000n\000n\000\051}{section.B.5}% 275
\BOOKMARK [2][-]{subsection.B.5.4}{\376\377\000T\000r\000a\000i\000n\000i\000n\000g\000\040\000L\000o\000o\000p\000\040\000T\000e\000m\000p\000l\000a\000t\000e}{section.B.5}% 276
\BOOKMARK [2][-]{subsection.B.5.5}{\376\377\000S\000a\000v\000i\000n\000g\000\040\000\040\000L\000o\000a\000d\000i\000n\000g\000\040\000M\000o\000d\000e\000l\000s}{section.B.5}% 277
\BOOKMARK [2][-]{subsection.B.5.6}{\376\377\000D\000a\000t\000a\000s\000e\000t\000\040\000\040\000D\000a\000t\000a\000L\000o\000a\000d\000e\000r}{section.B.5}% 278
\BOOKMARK [1][-]{section.B.6}{\376\377\000C\000o\000m\000m\000o\000n\000\040\000E\000r\000r\000o\000r\000s\000\040\000\040\000S\000o\000l\000u\000s\000i}{appendix.B}% 279
\BOOKMARK [0][-]{appendix.C}{\376\377\000D\000i\000r\000e\000k\000t\000o\000r\000i\000\040\0001\0000\0000\000+\000\040\000A\000I\000\040\000T\000o\000o\000l\000s\000\040\000\046\000\040\000R\000e\000s\000o\000u\000r\000c\000e\000s}{part.9}% 280
\BOOKMARK [1][-]{section.C.1}{\376\377\000L\000L\000M\000\040\000\046\000\040\000C\000h\000a\000t\000b\000o\000t\000s}{appendix.C}% 281
\BOOKMARK [1][-]{section.C.2}{\376\377\000C\000o\000d\000i\000n\000g\000\040\000A\000s\000s\000i\000s\000t\000a\000n\000t\000s}{appendix.C}% 282
\BOOKMARK [1][-]{section.C.3}{\376\377\000G\000e\000n\000e\000r\000a\000t\000i\000v\000e\000\040\000A\000r\000t\000\040\000\046\000\040\000I\000m\000a\000g\000e}{appendix.C}% 283
\BOOKMARK [1][-]{section.C.4}{\376\377\000V\000i\000d\000e\000o\000\040\000G\000e\000n\000e\000r\000a\000t\000i\000o\000n\000\040\000\046\000\040\000E\000d\000i\000t\000i\000n\000g}{appendix.C}% 284
\BOOKMARK [1][-]{section.C.5}{\376\377\000A\000u\000d\000i\000o\000\040\000\046\000\040\000V\000o\000i\000c\000e\000\040\000C\000l\000o\000n\000i\000n\000g}{appendix.C}% 285
\BOOKMARK [1][-]{section.C.6}{\376\377\000P\000r\000o\000d\000u\000c\000t\000i\000v\000i\000t\000y\000\040\000\046\000\040\000W\000r\000i\000t\000i\000n\000g}{appendix.C}% 286
\BOOKMARK [1][-]{section.C.7}{\376\377\000R\000e\000s\000e\000a\000r\000c\000h\000\040\000\046\000\040\000D\000a\000t\000a\000\040\000A\000n\000a\000l\000y\000s\000i\000s}{appendix.C}% 287
\BOOKMARK [1][-]{section.C.8}{\376\377\000D\000e\000v\000e\000l\000o\000p\000e\000r\000\040\000T\000o\000o\000l\000s\000\040\000\046\000\040\000I\000n\000f\000r\000a\000s\000t\000r\000u\000c\000t\000u\000r\000e}{appendix.C}% 288
\BOOKMARK [1][-]{section.C.9}{\376\377\0003\000D\000\040\000\046\000\040\000G\000a\000m\000i\000n\000g}{appendix.C}% 289
\BOOKMARK [1][-]{section.C.10}{\376\377\000L\000a\000i\000n\000-\000l\000a\000i\000n\000\040\000\050\000N\000i\000c\000h\000e\000\040\000\046\000\040\000U\000n\000i\000k\000\051}{appendix.C}% 290
\BOOKMARK [0][-]{appendix.D}{\376\377\000D\000i\000r\000e\000k\000t\000o\000r\000i\000\040\000D\000a\000t\000a\000s\000e\000t\000\040\000A\000I\000\040\000U\000t\000a\000m\000a}{part.9}% 291
\BOOKMARK [1][-]{section.D.1}{\376\377\000N\000a\000t\000u\000r\000a\000l\000\040\000L\000a\000n\000g\000u\000a\000g\000e\000\040\000P\000r\000o\000c\000e\000s\000s\000i\000n\000g\000\040\000\050\000N\000L\000P\000\051}{appendix.D}% 292
\BOOKMARK [2][-]{subsection.D.1.1}{\376\377\000G\000e\000n\000e\000r\000a\000l\000\040\000P\000r\000e\000-\000t\000r\000a\000i\000n\000i\000n\000g\000\040\000C\000o\000r\000p\000o\000r\000a}{section.D.1}% 293
\BOOKMARK [2][-]{subsection.D.1.2}{\376\377\000F\000i\000n\000e\000-\000T\000u\000n\000i\000n\000g\000\040\000\046\000\040\000I\000n\000s\000t\000r\000u\000c\000t\000i\000o\000n\000\040\000D\000a\000t\000a\000s\000e\000t\000s}{section.D.1}% 294
\BOOKMARK [2][-]{subsection.D.1.3}{\376\377\000C\000o\000d\000e\000\040\000D\000a\000t\000a\000s\000e\000t\000s}{section.D.1}% 295
\BOOKMARK [1][-]{section.D.2}{\376\377\000C\000o\000m\000p\000u\000t\000e\000r\000\040\000V\000i\000s\000i\000o\000n}{appendix.D}% 296
\BOOKMARK [2][-]{subsection.D.2.1}{\376\377\000I\000m\000a\000g\000e\000\040\000C\000l\000a\000s\000s\000i\000f\000i\000c\000a\000t\000i\000o\000n}{section.D.2}% 297
\BOOKMARK [2][-]{subsection.D.2.2}{\376\377\000O\000b\000j\000e\000c\000t\000\040\000D\000e\000t\000e\000c\000t\000i\000o\000n\000\040\000\046\000\040\000S\000e\000g\000m\000e\000n\000t\000a\000t\000i\000o\000n}{section.D.2}% 298
\BOOKMARK [2][-]{subsection.D.2.3}{\376\377\000I\000m\000a\000g\000e\000\040\000G\000e\000n\000e\000r\000a\000t\000i\000o\000n\000\040\000\050\000T\000e\000x\000t\000-\000t\000o\000-\000I\000m\000a\000g\000e\000\051}{section.D.2}% 299
\BOOKMARK [1][-]{section.D.3}{\376\377\000A\000u\000d\000i\000o\000\040\000\046\000\040\000S\000p\000e\000e\000c\000h}{appendix.D}% 300
\BOOKMARK [1][-]{section.D.4}{\376\377\000R\000e\000i\000n\000f\000o\000r\000c\000e\000m\000e\000n\000t\000\040\000L\000e\000a\000r\000n\000i\000n\000g}{appendix.D}% 301
\BOOKMARK [1][-]{section.D.5}{\376\377\000R\000e\000c\000o\000m\000m\000e\000n\000d\000a\000t\000i\000o\000n\000\040\000S\000y\000s\000t\000e\000m\000s}{appendix.D}% 302
\BOOKMARK [1][-]{section.D.6}{\376\377\000M\000e\000d\000i\000c\000a\000l\000\040\000\046\000\040\000S\000c\000i\000e\000n\000t\000i\000f\000i\000c}{appendix.D}% 303
\BOOKMARK [0][-]{appendix.E}{\376\377\000R\000e\000g\000u\000l\000a\000s\000i\000,\000\040\000E\000t\000i\000k\000a\000,\000\040\000\046\000\040\000K\000e\000b\000i\000j\000a\000k\000a\000n\000\040\000A\000I\000\040\000G\000l\000o\000b\000a\000l}{part.9}% 304
\BOOKMARK [1][-]{section.E.1}{\376\377\000U\000n\000i\000\040\000E\000r\000o\000p\000a\000:\000\040\000T\000h\000e\000\040\000E\000U\000\040\000A\000I\000\040\000A\000c\000t}{appendix.E}% 305
\BOOKMARK [2][-]{subsection.E.1.1}{\376\377\000K\000a\000t\000e\000g\000o\000r\000i\000\040\000R\000i\000s\000i\000k\000o}{section.E.1}% 306
\BOOKMARK [1][-]{section.E.2}{\376\377\000A\000m\000e\000r\000i\000k\000a\000\040\000S\000e\000r\000i\000k\000a\000t\000:\000\040\000E\000x\000e\000c\000u\000t\000i\000v\000e\000\040\000O\000r\000d\000e\000r\000\040\000o\000n\000\040\000A\000I}{appendix.E}% 307
\BOOKMARK [2][-]{subsection.E.2.1}{\376\377\000P\000o\000i\000n\000\040\000K\000u\000n\000c\000i}{section.E.2}% 308
\BOOKMARK [1][-]{section.E.3}{\376\377\000T\000i\000o\000n\000g\000k\000o\000k\000:\000\040\000G\000e\000n\000e\000r\000a\000t\000i\000v\000e\000\040\000A\000I\000\040\000M\000e\000a\000s\000u\000r\000e\000s}{appendix.E}% 309
\BOOKMARK [2][-]{subsection.E.3.1}{\376\377\000P\000o\000i\000n\000\040\000K\000u\000n\000c\000i}{section.E.3}% 310
\BOOKMARK [1][-]{section.E.4}{\376\377\000I\000n\000d\000o\000n\000e\000s\000i\000a\000:\000\040\000S\000u\000r\000a\000t\000\040\000E\000d\000a\000r\000a\000n\000\040\000M\000e\000n\000k\000o\000m\000i\000n\000f\000o\000\040\000N\000o\000.\000\040\0009\000\040\000T\000a\000h\000u\000n\000\040\0002\0000\0002\0003}{appendix.E}% 311
\BOOKMARK [2][-]{subsection.E.4.1}{\376\377\000N\000i\000l\000a\000i\000\040\000E\000t\000i\000k\000a\000\040\000A\000I}{section.E.4}% 312
\BOOKMARK [1][-]{section.E.5}{\376\377\000I\000s\000u\000\040\000H\000a\000k\000\040\000C\000i\000p\000t\000a\000\040\000\050\000C\000o\000p\000y\000r\000i\000g\000h\000t\000\051\000\040\000\040\000A\000I}{appendix.E}% 313
\BOOKMARK [2][-]{subsection.E.5.1}{\376\377\000I\000n\000p\000u\000t\000:\000\040\000A\000p\000a\000k\000a\000h\000\040\000m\000e\000l\000a\000t\000i\000h\000\040\000A\000I\000\040\000d\000e\000n\000g\000a\000n\000\040\000d\000a\000t\000a\000\040\000b\000e\000r\000h\000a\000k\000\040\000c\000i\000p\000t\000a\000\040\000i\000t\000u\000\040\000l\000e\000g\000a\000l\000?}{section.E.5}% 314
\BOOKMARK [2][-]{subsection.E.5.2}{\376\377\000O\000u\000t\000p\000u\000t\000:\000\040\000S\000i\000a\000p\000a\000\040\000p\000e\000m\000i\000l\000i\000k\000\040\000h\000a\000k\000\040\000c\000i\000p\000t\000a\000\040\000k\000a\000r\000y\000a\000\040\000A\000I\000?}{section.E.5}% 315
\BOOKMARK [1][-]{section.E.6}{\376\377\000G\000D\000P\000R\000\040\000\040\000A\000I\000\040\000\050\000E\000r\000o\000p\000a\000\051}{appendix.E}% 316
\BOOKMARK [1][-]{section.E.7}{\376\377\000C\000h\000e\000c\000k\000l\000i\000s\000t\000\040\000K\000e\000p\000a\000t\000u\000h\000a\000n\000\040\000E\000t\000i\000k\000a\000\040\000u\000n\000t\000u\000k\000\040\000D\000e\000v\000e\000l\000o\000p\000e\000r}{appendix.E}% 317
\BOOKMARK [0][-]{appendix.F}{\376\377\000P\000r\000o\000f\000i\000l\000\040\0001\0000\000\040\000S\000t\000a\000r\000t\000u\000p\000\040\000A\000I\000\040\000P\000a\000l\000i\000n\000g\000\040\000B\000e\000r\000p\000e\000n\000g\000a\000r\000u\000h}{part.9}% 318
\BOOKMARK [1][-]{section.F.1}{\376\377\0001\000.\000\040\000O\000p\000e\000n\000A\000I}{appendix.F}% 319
\BOOKMARK [1][-]{section.F.2}{\376\377\0002\000.\000\040\000A\000n\000t\000h\000r\000o\000p\000i\000c}{appendix.F}% 320
\BOOKMARK [1][-]{section.F.3}{\376\377\0003\000.\000\040\000H\000u\000g\000g\000i\000n\000g\000\040\000F\000a\000c\000e}{appendix.F}% 321
\BOOKMARK [1][-]{section.F.4}{\376\377\0004\000.\000\040\000M\000i\000d\000j\000o\000u\000r\000n\000e\000y}{appendix.F}% 322
\BOOKMARK [1][-]{section.F.5}{\376\377\0005\000.\000\040\000S\000t\000a\000b\000i\000l\000i\000t\000y\000\040\000A\000I}{appendix.F}% 323
\BOOKMARK [1][-]{section.F.6}{\376\377\0006\000.\000\040\000M\000i\000s\000t\000r\000a\000l\000\040\000A\000I}{appendix.F}% 324
\BOOKMARK [1][-]{section.F.7}{\376\377\0007\000.\000\040\000C\000o\000h\000e\000r\000e}{appendix.F}% 325
\BOOKMARK [1][-]{section.F.8}{\376\377\0008\000.\000\040\000P\000e\000r\000p\000l\000e\000x\000i\000t\000y\000\040\000A\000I}{appendix.F}% 326
\BOOKMARK [1][-]{section.F.9}{\376\377\0009\000.\000\040\000D\000a\000t\000a\000b\000r\000i\000c\000k\000s\000\040\000\050\000M\000o\000s\000a\000i\000c\000M\000L\000\051}{appendix.F}% 327
\BOOKMARK [1][-]{section.F.10}{\376\377\0001\0000\000.\000\040\000E\000l\000e\000v\000e\000n\000L\000a\000b\000s}{appendix.F}% 328
\BOOKMARK [0][-]{appendix.G}{\376\377\000K\000o\000l\000e\000k\000s\000i\000\040\000P\000r\000o\000m\000p\000t\000\040\000E\000n\000g\000i\000n\000e\000e\000r\000i\000n\000g\000\040\000T\000e\000r\000b\000a\000i\000k}{part.9}% 329
\BOOKMARK [1][-]{section.G.1}{\376\377\000C\000o\000d\000i\000n\000g\000\040\000\046\000\040\000S\000o\000f\000t\000w\000a\000r\000e\000\040\000D\000e\000v\000e\000l\000o\000p\000m\000e\000n\000t}{appendix.G}% 330
\BOOKMARK [2][-]{subsection.G.1.1}{\376\377\0001\000.\000\040\000M\000e\000n\000j\000e\000l\000a\000s\000k\000a\000n\000\040\000K\000o\000d\000e\000\040\000K\000o\000m\000p\000l\000e\000k\000s}{section.G.1}% 331
\BOOKMARK [2][-]{subsection.G.1.2}{\376\377\0002\000.\000\040\000M\000e\000m\000b\000u\000a\000t\000\040\000U\000n\000i\000t\000\040\000T\000e\000s\000t\000\040\000\050\000P\000y\000t\000e\000s\000t\000\051}{section.G.1}% 332
\BOOKMARK [2][-]{subsection.G.1.3}{\376\377\0003\000.\000\040\000M\000e\000n\000g\000o\000n\000v\000e\000r\000s\000i\000\040\000B\000a\000h\000a\000s\000a\000\040\000P\000e\000m\000r\000o\000g\000r\000a\000m\000a\000n}{section.G.1}% 333
\BOOKMARK [2][-]{subsection.G.1.4}{\376\377\0004\000.\000\040\000D\000e\000b\000u\000g\000g\000i\000n\000g\000\040\000E\000r\000r\000o\000r}{section.G.1}% 334
\BOOKMARK [2][-]{subsection.G.1.5}{\376\377\0005\000.\000\040\000M\000e\000n\000u\000l\000i\000s\000\040\000D\000o\000k\000u\000m\000e\000n\000t\000a\000s\000i\000\040\000A\000P\000I}{section.G.1}% 335
\BOOKMARK [1][-]{section.G.2}{\376\377\000C\000o\000n\000t\000e\000n\000t\000\040\000W\000r\000i\000t\000i\000n\000g\000\040\000\040\000C\000o\000p\000y\000w\000r\000i\000t\000i\000n\000g}{appendix.G}% 336
\BOOKMARK [2][-]{subsection.G.2.1}{\376\377\0006\000.\000\040\000M\000e\000m\000b\000u\000a\000t\000\040\000O\000u\000t\000l\000i\000n\000e\000\040\000A\000r\000t\000i\000k\000e\000l\000\040\000B\000l\000o\000g\000\040\000S\000E\000O}{section.G.2}% 337
\BOOKMARK [2][-]{subsection.G.2.2}{\376\377\0007\000.\000\040\000M\000e\000n\000u\000l\000i\000s\000\040\000T\000h\000r\000e\000a\000d\000\040\000T\000w\000i\000t\000t\000e\000r\000/\000X\000\040\000V\000i\000r\000a\000l}{section.G.2}% 338
\BOOKMARK [2][-]{subsection.G.2.3}{\376\377\0008\000.\000\040\000M\000e\000m\000p\000e\000r\000b\000a\000i\000k\000i\000\040\000T\000a\000t\000a\000\040\000B\000a\000h\000a\000s\000a\000\040\000\040\000G\000a\000y\000a\000\040\000\050\000E\000d\000i\000t\000i\000n\000g\000\051}{section.G.2}% 339
\BOOKMARK [2][-]{subsection.G.2.4}{\376\377\0009\000.\000\040\000M\000e\000m\000b\000u\000a\000t\000\040\000S\000k\000r\000i\000p\000\040\000V\000i\000d\000e\000o\000\040\000Y\000o\000u\000T\000u\000b\000e\000/\000T\000i\000k\000T\000o\000k}{section.G.2}% 340
\BOOKMARK [2][-]{subsection.G.2.5}{\376\377\0001\0000\000.\000\040\000C\000o\000l\000d\000\040\000E\000m\000a\000i\000l\000\040\000u\000n\000t\000u\000k\000\040\000P\000e\000n\000j\000u\000a\000l\000a\000n}{section.G.2}% 341
\BOOKMARK [1][-]{section.G.3}{\376\377\000B\000i\000s\000n\000i\000s\000\040\000\040\000P\000r\000o\000d\000u\000k\000t\000i\000v\000i\000t\000a\000s}{appendix.G}% 342
\BOOKMARK [2][-]{subsection.G.3.1}{\376\377\0001\0001\000.\000\040\000M\000e\000r\000i\000n\000g\000k\000a\000s\000\040\000D\000o\000k\000u\000m\000e\000n\000\040\000P\000a\000n\000j\000a\000n\000g}{section.G.3}% 343
\BOOKMARK [2][-]{subsection.G.3.2}{\376\377\0001\0002\000.\000\040\000A\000n\000a\000l\000i\000s\000i\000s\000\040\000S\000W\000O\000T}{section.G.3}% 344
\BOOKMARK [2][-]{subsection.G.3.3}{\376\377\0001\0003\000.\000\040\000M\000e\000m\000b\000u\000a\000t\000\040\000R\000e\000n\000c\000a\000n\000a\000\040\000P\000r\000o\000y\000e\000k\000\040\000\050\000G\000a\000n\000t\000t\000\040\000C\000h\000a\000r\000t\000\040\000t\000e\000x\000t\000\051}{section.G.3}% 345
\BOOKMARK [2][-]{subsection.G.3.4}{\376\377\0001\0004\000.\000\040\000P\000e\000r\000s\000i\000a\000p\000a\000n\000\040\000N\000e\000g\000o\000s\000i\000a\000s\000i\000\040\000G\000a\000j\000i}{section.G.3}% 346
\BOOKMARK [2][-]{subsection.G.3.5}{\376\377\0001\0005\000.\000\040\000I\000d\000e\000\040\000B\000r\000a\000i\000n\000s\000t\000o\000r\000m\000i\000n\000g\000\040\000P\000r\000o\000d\000u\000k}{section.G.3}% 347
\BOOKMARK [1][-]{section.G.4}{\376\377\000P\000e\000n\000d\000i\000d\000i\000k\000a\000n\000\040\000\040\000B\000e\000l\000a\000j\000a\000r}{appendix.G}% 348
\BOOKMARK [2][-]{subsection.G.4.1}{\376\377\0001\0006\000.\000\040\000T\000u\000t\000o\000r\000\040\000P\000r\000i\000b\000a\000d\000i\000\040\000\050\000S\000o\000c\000r\000a\000t\000i\000c\000\040\000M\000e\000t\000h\000o\000d\000\051}{section.G.4}% 349
\BOOKMARK [2][-]{subsection.G.4.2}{\376\377\0001\0007\000.\000\040\000M\000e\000m\000b\000u\000a\000t\000\040\000S\000o\000a\000l\000\040\000K\000u\000i\000s}{section.G.4}% 350
\BOOKMARK [2][-]{subsection.G.4.3}{\376\377\0001\0008\000.\000\040\000M\000e\000n\000j\000e\000l\000a\000s\000k\000a\000n\000\040\000k\000e\000\040\000A\000n\000a\000k\000\040\0005\000\040\000T\000a\000h\000u\000n\000\040\000\050\000E\000L\000I\0005\000\051}{section.G.4}% 351
\BOOKMARK [2][-]{subsection.G.4.4}{\376\377\0001\0009\000.\000\040\000M\000e\000m\000b\000u\000a\000t\000\040\000R\000e\000n\000c\000a\000n\000a\000\040\000B\000e\000l\000a\000j\000a\000r\000\040\000\050\000S\000y\000l\000a\000b\000u\000s\000\051}{section.G.4}% 352
\BOOKMARK [2][-]{subsection.G.4.5}{\376\377\0002\0000\000.\000\040\000F\000l\000a\000s\000h\000c\000a\000r\000d\000\040\000G\000e\000n\000e\000r\000a\000t\000o\000r}{section.G.4}% 353
\BOOKMARK [1][-]{section.G.5}{\376\377\000D\000a\000t\000a\000\040\000A\000n\000a\000l\000y\000s\000i\000s\000\040\000\040\000E\000x\000c\000e\000l}{appendix.G}% 354
\BOOKMARK [2][-]{subsection.G.5.1}{\376\377\0002\0001\000.\000\040\000M\000e\000m\000b\000u\000a\000t\000\040\000R\000u\000m\000u\000s\000\040\000E\000x\000c\000e\000l\000/\000G\000o\000o\000g\000l\000e\000\040\000S\000h\000e\000e\000t\000s}{section.G.5}% 355
\BOOKMARK [2][-]{subsection.G.5.2}{\376\377\0002\0002\000.\000\040\000A\000n\000a\000l\000i\000s\000i\000s\000\040\000S\000e\000n\000t\000i\000m\000e\000n\000\040\000T\000e\000k\000s}{section.G.5}% 356
\BOOKMARK [2][-]{subsection.G.5.3}{\376\377\0002\0003\000.\000\040\000I\000n\000t\000e\000r\000p\000r\000e\000t\000a\000s\000i\000\040\000D\000a\000t\000a\000\040\000S\000Q\000L}{section.G.5}% 357
\BOOKMARK [2][-]{subsection.G.5.4}{\376\377\0002\0004\000.\000\040\000R\000e\000g\000e\000x\000\040\000G\000e\000n\000e\000r\000a\000t\000o\000r}{section.G.5}% 358
\BOOKMARK [2][-]{subsection.G.5.5}{\376\377\0002\0005\000.\000\040\000D\000a\000t\000a\000\040\000C\000l\000e\000a\000n\000i\000n\000g\000\040\000P\000y\000t\000h\000o\000n}{section.G.5}% 359
\BOOKMARK [1][-]{section.G.6}{\376\377\000M\000a\000r\000k\000e\000t\000i\000n\000g\000\040\000\040\000S\000a\000l\000e\000s}{appendix.G}% 360
\BOOKMARK [2][-]{subsection.G.6.1}{\376\377\0002\0006\000.\000\040\000M\000e\000m\000b\000u\000a\000t\000\040\000P\000e\000r\000s\000o\000n\000a\000\040\000P\000e\000l\000a\000n\000g\000g\000a\000n\000\040\000\050\000B\000u\000y\000e\000r\000\040\000P\000e\000r\000s\000o\000n\000a\000\051}{section.G.6}% 361
\BOOKMARK [2][-]{subsection.G.6.2}{\376\377\0002\0007\000.\000\040\000I\000d\000e\000\040\000K\000a\000m\000p\000a\000n\000y\000e\000\040\000M\000a\000r\000k\000e\000t\000i\000n\000g}{section.G.6}% 362
\BOOKMARK [2][-]{subsection.G.6.3}{\376\377\0002\0008\000.\000\040\000M\000e\000n\000u\000l\000i\000s\000\040\000A\000d\000\040\000C\000o\000p\000y\000\040\000\050\000F\000a\000c\000e\000b\000o\000o\000k\000/\000I\000n\000s\000t\000a\000g\000r\000a\000m\000\040\000A\000d\000s\000\051}{section.G.6}% 363
\BOOKMARK [2][-]{subsection.G.6.4}{\376\377\0002\0009\000.\000\040\000E\000m\000a\000i\000l\000\040\000N\000e\000w\000s\000l\000e\000t\000t\000e\000r}{section.G.6}% 364
\BOOKMARK [2][-]{subsection.G.6.5}{\376\377\0003\0000\000.\000\040\000R\000e\000v\000i\000e\000w\000\040\000R\000e\000s\000p\000o\000n\000s}{section.G.6}% 365
\BOOKMARK [1][-]{section.G.7}{\376\377\000P\000r\000o\000m\000p\000t\000i\000n\000g\000\040\000u\000n\000t\000u\000k\000\040\000G\000a\000m\000b\000a\000r\000\040\000\050\000M\000i\000d\000j\000o\000u\000r\000n\000e\000y\000/\000D\000A\000L\000L\000-\000E\000\051}{appendix.G}% 366
\BOOKMARK [2][-]{subsection.G.7.1}{\376\377\0003\0001\000.\000\040\000F\000o\000t\000o\000g\000r\000a\000f\000i\000\040\000R\000e\000a\000l\000i\000s\000t\000i\000s}{section.G.7}% 367
\BOOKMARK [2][-]{subsection.G.7.2}{\376\377\0003\0002\000.\000\040\000L\000o\000g\000o\000\040\000D\000e\000s\000a\000i\000n}{section.G.7}% 368
\BOOKMARK [2][-]{subsection.G.7.3}{\376\377\0003\0003\000.\000\040\000I\000l\000u\000s\000t\000r\000a\000s\000i\000\040\0003\000D\000\040\000\050\000P\000i\000x\000a\000r\000\040\000S\000t\000y\000l\000e\000\051}{section.G.7}% 369
\BOOKMARK [2][-]{subsection.G.7.4}{\376\377\0003\0004\000.\000\040\000C\000y\000b\000e\000r\000p\000u\000n\000k\000\040\000C\000i\000t\000y}{section.G.7}% 370
\BOOKMARK [2][-]{subsection.G.7.5}{\376\377\0003\0005\000.\000\040\000U\000I\000/\000U\000X\000\040\000D\000e\000s\000i\000g\000n\000\040\000I\000n\000s\000p\000i\000r\000a\000t\000i\000o\000n}{section.G.7}% 371
\BOOKMARK [1][-]{section.G.8}{\376\377\000P\000e\000r\000s\000o\000n\000a\000l\000\040\000A\000s\000s\000i\000s\000t\000a\000n\000t\000\040\000\040\000L\000i\000f\000e\000\040\000H\000a\000c\000k\000i\000n\000g}{appendix.G}% 372
\BOOKMARK [2][-]{subsection.G.8.1}{\376\377\0003\0006\000.\000\040\000P\000e\000r\000e\000n\000c\000a\000n\000a\000a\000n\000\040\000P\000e\000r\000j\000a\000l\000a\000n\000a\000n\000\040\000\050\000I\000t\000i\000n\000e\000r\000a\000r\000y\000\051}{section.G.8}% 373
\BOOKMARK [2][-]{subsection.G.8.2}{\376\377\0003\0007\000.\000\040\000M\000e\000a\000l\000\040\000P\000l\000a\000n\000\040\000M\000i\000n\000g\000g\000u\000a\000n\000\040\000\050\000D\000i\000e\000t\000\051}{section.G.8}% 374
\BOOKMARK [2][-]{subsection.G.8.3}{\376\377\0003\0008\000.\000\040\000R\000e\000k\000o\000m\000e\000n\000d\000a\000s\000i\000\040\000B\000u\000k\000u\000/\000F\000i\000l\000m}{section.G.8}% 375
\BOOKMARK [2][-]{subsection.G.8.4}{\376\377\0003\0009\000.\000\040\000F\000o\000r\000m\000a\000t\000\040\000E\000m\000a\000i\000l\000\040\000P\000r\000o\000f\000e\000s\000i\000o\000n\000a\000l\000\040\000\050\000R\000e\000s\000i\000g\000n\000\051}{section.G.8}% 376
\BOOKMARK [2][-]{subsection.G.8.5}{\376\377\0004\0000\000.\000\040\000S\000i\000m\000u\000l\000a\000s\000i\000\040\000D\000e\000b\000a\000t\000\040\000\050\000D\000e\000v\000i\000l\000'\000s\000\040\000A\000d\000v\000o\000c\000a\000t\000e\000\051}{section.G.8}% 377
\BOOKMARK [1][-]{section.G.9}{\376\377\000C\000r\000e\000a\000t\000i\000v\000e\000\040\000W\000r\000i\000t\000i\000n\000g\000\040\000\046\000\040\000S\000t\000o\000r\000y\000t\000e\000l\000l\000i\000n\000g}{appendix.G}% 378
\BOOKMARK [2][-]{subsection.G.9.1}{\376\377\0004\0001\000.\000\040\000M\000e\000m\000b\000a\000n\000g\000u\000n\000\040\000D\000u\000n\000i\000a\000\040\000\050\000W\000o\000r\000l\000d\000\040\000B\000u\000i\000l\000d\000i\000n\000g\000\051}{section.G.9}% 379
\BOOKMARK [2][-]{subsection.G.9.2}{\376\377\0004\0002\000.\000\040\000P\000e\000n\000g\000e\000m\000b\000a\000n\000g\000a\000n\000\040\000K\000a\000r\000a\000k\000t\000e\000r}{section.G.9}% 380
\BOOKMARK [2][-]{subsection.G.9.3}{\376\377\0004\0003\000.\000\040\000P\000l\000o\000t\000\040\000T\000w\000i\000s\000t\000\040\000G\000e\000n\000e\000r\000a\000t\000o\000r}{section.G.9}% 381
\BOOKMARK [2][-]{subsection.G.9.4}{\376\377\0004\0004\000.\000\040\000M\000e\000n\000u\000l\000i\000s\000\040\000P\000u\000i\000s\000i}{section.G.9}% 382
\BOOKMARK [2][-]{subsection.G.9.5}{\376\377\0004\0005\000.\000\040\000S\000k\000e\000n\000a\000r\000i\000o\000\040\000D\000i\000a\000l\000o\000g}{section.G.9}% 383
\BOOKMARK [0][-]{appendix.H}{\376\377\0005\0000\000\040\000P\000e\000r\000t\000a\000n\000y\000a\000a\000n\000\040\000\046\000\040\000J\000a\000w\000a\000b\000a\000n\000\040\000W\000a\000w\000a\000n\000c\000a\000r\000a\000\040\000A\000I}{part.9}% 384
\BOOKMARK [1][-]{section.H.1}{\376\377\000M\000a\000c\000h\000i\000n\000e\000\040\000L\000e\000a\000r\000n\000i\000n\000g\000\040\000F\000u\000n\000d\000a\000m\000e\000n\000t\000a\000l\000s}{appendix.H}% 385
\BOOKMARK [2][-]{subsection.H.1.1}{\376\377\0001\000.\000\040\000A\000p\000a\000\040\000p\000e\000r\000b\000e\000d\000a\000a\000n\000\040\000a\000n\000t\000a\000r\000a\000\040\000S\000u\000p\000e\000r\000v\000i\000s\000e\000d\000,\000\040\000U\000n\000s\000u\000p\000e\000r\000v\000i\000s\000e\000d\000,\000\040\000d\000a\000n\000\040\000R\000e\000i\000n\000f\000o\000r\000c\000e\000m\000e\000n\000t\000\040\000L\000e\000a\000r\000n\000i\000n\000g\000?}{section.H.1}% 386
\BOOKMARK [2][-]{subsection.H.1.2}{\376\377\0002\000.\000\040\000J\000e\000l\000a\000s\000k\000a\000n\000\040\000B\000i\000a\000s\000-\000V\000a\000r\000i\000a\000n\000c\000e\000\040\000T\000r\000a\000d\000e\000o\000f\000f\000!}{section.H.1}% 387
\BOOKMARK [2][-]{subsection.H.1.3}{\376\377\0003\000.\000\040\000A\000p\000a\000\040\000i\000t\000u\000\040\000O\000v\000e\000r\000f\000i\000t\000t\000i\000n\000g\000\040\000d\000a\000n\000\040\000b\000a\000g\000a\000i\000m\000a\000n\000a\000\040\000c\000a\000r\000a\000\040\000m\000e\000n\000c\000e\000g\000a\000h\000n\000y\000a\000?}{section.H.1}% 388
\BOOKMARK [2][-]{subsection.H.1.4}{\376\377\0004\000.\000\040\000J\000e\000l\000a\000s\000k\000a\000n\000\040\000p\000e\000r\000b\000e\000d\000a\000a\000n\000\040\000a\000n\000t\000a\000r\000a\000\040\000P\000r\000e\000c\000i\000s\000i\000o\000n\000\040\000d\000a\000n\000\040\000R\000e\000c\000a\000l\000l\000!}{section.H.1}% 389
\BOOKMARK [2][-]{subsection.H.1.5}{\376\377\0005\000.\000\040\000A\000p\000a\000\040\000i\000t\000u\000\040\000F\0001\000\040\000S\000c\000o\000r\000e\000?}{section.H.1}% 390
\BOOKMARK [2][-]{subsection.H.1.6}{\376\377\0006\000.\000\040\000A\000p\000a\000\040\000i\000t\000u\000\040\000C\000r\000o\000s\000s\000-\000V\000a\000l\000i\000d\000a\000t\000i\000o\000n\000?}{section.H.1}% 391
\BOOKMARK [2][-]{subsection.H.1.7}{\376\377\0007\000.\000\040\000A\000p\000a\000\040\000p\000e\000r\000b\000e\000d\000a\000a\000n\000\040\000a\000n\000t\000a\000r\000a\000\040\000N\000o\000r\000m\000a\000l\000i\000z\000a\000t\000i\000o\000n\000\040\000d\000a\000n\000\040\000S\000t\000a\000n\000d\000a\000r\000d\000i\000z\000a\000t\000i\000o\000n\000?}{section.H.1}% 392
\BOOKMARK [2][-]{subsection.H.1.8}{\376\377\0008\000.\000\040\000J\000e\000l\000a\000s\000k\000a\000n\000\040\000c\000a\000r\000a\000\040\000k\000e\000r\000j\000a\000\040\000D\000e\000c\000i\000s\000i\000o\000n\000\040\000T\000r\000e\000e\000!}{section.H.1}% 393
\BOOKMARK [2][-]{subsection.H.1.9}{\376\377\0009\000.\000\040\000A\000p\000a\000\040\000i\000t\000u\000\040\000R\000a\000n\000d\000o\000m\000\040\000F\000o\000r\000e\000s\000t\000?}{section.H.1}% 394
\BOOKMARK [2][-]{subsection.H.1.10}{\376\377\0001\0000\000.\000\040\000A\000p\000a\000\040\000p\000e\000r\000b\000e\000d\000a\000a\000n\000\040\000a\000n\000t\000a\000r\000a\000\040\000K\000-\000M\000e\000a\000n\000s\000\040\000d\000a\000n\000\040\000K\000N\000N\000?}{section.H.1}% 395
\BOOKMARK [1][-]{section.H.2}{\376\377\000D\000e\000e\000p\000\040\000L\000e\000a\000r\000n\000i\000n\000g\000\040\000\046\000\040\000N\000e\000u\000r\000a\000l\000\040\000N\000e\000t\000w\000o\000r\000k\000s}{appendix.H}% 396
\BOOKMARK [2][-]{subsection.H.2.1}{\376\377\0001\0001\000.\000\040\000A\000p\000a\000\040\000i\000t\000u\000\040\000A\000c\000t\000i\000v\000a\000t\000i\000o\000n\000\040\000F\000u\000n\000c\000t\000i\000o\000n\000\040\000d\000a\000n\000\040\000m\000e\000n\000g\000a\000p\000a\000\040\000k\000i\000t\000a\000\040\000m\000e\000m\000b\000u\000t\000u\000h\000k\000a\000n\000n\000y\000a\000?}{section.H.2}% 397
\BOOKMARK [2][-]{subsection.H.2.2}{\376\377\0001\0002\000.\000\040\000J\000e\000l\000a\000s\000k\000a\000n\000\040\000V\000a\000n\000i\000s\000h\000i\000n\000g\000\040\000G\000r\000a\000d\000i\000e\000n\000t\000\040\000P\000r\000o\000b\000l\000e\000m\000!}{section.H.2}% 398
\BOOKMARK [2][-]{subsection.H.2.3}{\376\377\0001\0003\000.\000\040\000A\000p\000a\000\040\000f\000u\000n\000g\000s\000i\000\040\000d\000a\000r\000i\000\040\000O\000p\000t\000i\000m\000i\000z\000e\000r\000\040\000\050\000s\000e\000p\000e\000r\000t\000i\000\040\000A\000d\000a\000m\000,\000\040\000S\000G\000D\000\051\000?}{section.H.2}% 399
\BOOKMARK [2][-]{subsection.H.2.4}{\376\377\0001\0004\000.\000\040\000A\000p\000a\000\040\000p\000e\000r\000b\000e\000d\000a\000a\000n\000\040\000a\000n\000t\000a\000r\000a\000\040\000E\000p\000o\000c\000h\000,\000\040\000B\000a\000t\000c\000h\000,\000\040\000d\000a\000n\000\040\000I\000t\000e\000r\000a\000t\000i\000o\000n\000?}{section.H.2}% 400
\BOOKMARK [2][-]{subsection.H.2.5}{\376\377\0001\0005\000.\000\040\000J\000e\000l\000a\000s\000k\000a\000n\000\040\000k\000o\000n\000s\000e\000p\000\040\000C\000o\000n\000v\000o\000l\000u\000t\000i\000o\000n\000a\000l\000\040\000N\000e\000u\000r\000a\000l\000\040\000N\000e\000t\000w\000o\000r\000k\000\040\000\050\000C\000N\000N\000\051\000!}{section.H.2}% 401
\BOOKMARK [2][-]{subsection.H.2.6}{\376\377\0001\0006\000.\000\040\000A\000p\000a\000\040\000i\000t\000u\000\040\000T\000r\000a\000n\000s\000f\000e\000r\000\040\000L\000e\000a\000r\000n\000i\000n\000g\000?}{section.H.2}% 402
\BOOKMARK [2][-]{subsection.H.2.7}{\376\377\0001\0007\000.\000\040\000J\000e\000l\000a\000s\000k\000a\000n\000\040\000a\000r\000s\000i\000t\000e\000k\000t\000u\000r\000\040\000T\000r\000a\000n\000s\000f\000o\000r\000m\000e\000r\000!}{section.H.2}% 403
\BOOKMARK [2][-]{subsection.H.2.8}{\376\377\0001\0008\000.\000\040\000A\000p\000a\000\040\000i\000t\000u\000\040\000B\000E\000R\000T\000\040\000v\000s\000\040\000G\000P\000T\000?}{section.H.2}% 404
\BOOKMARK [2][-]{subsection.H.2.9}{\376\377\0001\0009\000.\000\040\000A\000p\000a\000\040\000i\000t\000u\000\040\000W\000o\000r\000d\000\040\000E\000m\000b\000e\000d\000d\000i\000n\000g\000\040\000\050\000W\000o\000r\000d\0002\000V\000e\000c\000,\000\040\000G\000l\000o\000V\000e\000\051\000?}{section.H.2}% 405
\BOOKMARK [2][-]{subsection.H.2.10}{\376\377\0002\0000\000.\000\040\000J\000e\000l\000a\000s\000k\000a\000n\000\040\000L\000o\000n\000g\000\040\000S\000h\000o\000r\000t\000-\000T\000e\000r\000m\000\040\000M\000e\000m\000o\000r\000y\000\040\000\050\000L\000S\000T\000M\000\051\000!}{section.H.2}% 406
\BOOKMARK [1][-]{section.H.3}{\376\377\000L\000L\000M\000\040\000\040\000G\000e\000n\000e\000r\000a\000t\000i\000v\000e\000\040\000A\000I}{appendix.H}% 407
\BOOKMARK [2][-]{subsection.H.3.1}{\376\377\0002\0001\000.\000\040\000A\000p\000a\000\040\000i\000t\000u\000\040\000T\000o\000k\000e\000n\000i\000z\000a\000t\000i\000o\000n\000\040\000d\000a\000l\000a\000m\000\040\000k\000o\000n\000t\000e\000k\000s\000\040\000L\000L\000M\000?}{section.H.3}% 408
\BOOKMARK [2][-]{subsection.H.3.2}{\376\377\0002\0002\000.\000\040\000A\000p\000a\000\040\000i\000t\000u\000\040\000T\000e\000m\000p\000e\000r\000a\000t\000u\000r\000e\000\040\000d\000a\000l\000a\000m\000\040\000s\000a\000m\000p\000l\000i\000n\000g\000\040\000L\000L\000M\000?}{section.H.3}% 409
\BOOKMARK [2][-]{subsection.H.3.3}{\376\377\0002\0003\000.\000\040\000J\000e\000l\000a\000s\000k\000a\000n\000\040\000k\000o\000n\000s\000e\000p\000\040\000R\000A\000G\000\040\000\050\000R\000e\000t\000r\000i\000e\000v\000a\000l\000-\000A\000u\000g\000m\000e\000n\000t\000e\000d\000\040\000G\000e\000n\000e\000r\000a\000t\000i\000o\000n\000\051\000!}{section.H.3}% 410
\BOOKMARK [2][-]{subsection.H.3.4}{\376\377\0002\0004\000.\000\040\000A\000p\000a\000\040\000i\000t\000u\000\040\000H\000a\000l\000l\000u\000c\000i\000n\000a\000t\000i\000o\000n\000\040\000p\000a\000d\000a\000\040\000A\000I\000?}{section.H.3}% 411
\BOOKMARK [2][-]{subsection.H.3.5}{\376\377\0002\0005\000.\000\040\000B\000a\000g\000a\000i\000m\000a\000n\000a\000\040\000c\000a\000r\000a\000\040\000k\000e\000r\000j\000a\000\040\000R\000L\000H\000F\000\040\000\050\000R\000e\000i\000n\000f\000o\000r\000c\000e\000m\000e\000n\000t\000\040\000L\000e\000a\000r\000n\000i\000n\000g\000\040\000f\000r\000o\000m\000\040\000H\000u\000m\000a\000n\000\040\000F\000e\000e\000d\000b\000a\000c\000k\000\051\000?}{section.H.3}% 412
\BOOKMARK [2][-]{subsection.H.3.6}{\376\377\0002\0006\000.\000\040\000A\000p\000a\000\040\000i\000t\000u\000\040\000L\000o\000R\000A\000\040\000\050\000L\000o\000w\000-\000R\000a\000n\000k\000\040\000A\000d\000a\000p\000t\000a\000t\000i\000o\000n\000\051\000?}{section.H.3}% 413
\BOOKMARK [2][-]{subsection.H.3.7}{\376\377\0002\0007\000.\000\040\000A\000p\000a\000\040\000i\000t\000u\000\040\000C\000o\000n\000t\000e\000x\000t\000\040\000W\000i\000n\000d\000o\000w\000?}{section.H.3}% 414
\BOOKMARK [2][-]{subsection.H.3.8}{\376\377\0002\0008\000.\000\040\000J\000e\000l\000a\000s\000k\000a\000n\000\040\000P\000r\000o\000m\000p\000t\000\040\000E\000n\000g\000i\000n\000e\000e\000r\000i\000n\000g\000!}{section.H.3}% 415
\BOOKMARK [2][-]{subsection.H.3.9}{\376\377\0002\0009\000.\000\040\000A\000p\000a\000\040\000i\000t\000u\000\040\000V\000e\000c\000t\000o\000r\000\040\000D\000a\000t\000a\000b\000a\000s\000e\000?}{section.H.3}% 416
\BOOKMARK [2][-]{subsection.H.3.10}{\376\377\0003\0000\000.\000\040\000A\000p\000a\000\040\000p\000e\000r\000b\000e\000d\000a\000a\000n\000\040\000a\000n\000t\000a\000r\000a\000\040\000F\000i\000n\000e\000-\000T\000u\000n\000i\000n\000g\000\040\000d\000a\000n\000\040\000R\000A\000G\000?}{section.H.3}% 417
\BOOKMARK [1][-]{section.H.4}{\376\377\000S\000y\000s\000t\000e\000m\000\040\000D\000e\000s\000i\000g\000n\000\040\000\040\000M\000L\000O\000p\000s}{appendix.H}% 418
\BOOKMARK [2][-]{subsection.H.4.1}{\376\377\0003\0001\000.\000\040\000B\000a\000g\000a\000i\000m\000a\000n\000a\000\040\000A\000n\000d\000a\000\040\000m\000e\000n\000a\000n\000g\000a\000n\000i\000\040\000d\000a\000t\000a\000s\000e\000t\000\040\000y\000a\000n\000g\000\040\000t\000i\000d\000a\000k\000\040\000s\000e\000i\000m\000b\000a\000n\000g\000\040\000\050\000I\000m\000b\000a\000l\000a\000n\000c\000e\000d\000\040\000D\000a\000t\000a\000s\000e\000t\000\051\000?}{section.H.4}% 419
\BOOKMARK [2][-]{subsection.H.4.2}{\376\377\0003\0002\000.\000\040\000B\000a\000g\000a\000i\000m\000a\000n\000a\000\040\000c\000a\000r\000a\000\040\000m\000e\000n\000-\000d\000e\000p\000l\000o\000y\000\040\000m\000o\000d\000e\000l\000\040\000M\000L\000\040\000k\000e\000\040\000p\000r\000o\000d\000u\000k\000s\000i\000?}{section.H.4}% 420
\BOOKMARK [2][-]{subsection.H.4.3}{\376\377\0003\0003\000.\000\040\000A\000p\000a\000\040\000i\000t\000u\000\040\000M\000o\000d\000e\000l\000\040\000D\000r\000i\000f\000t\000\040\000\050\000D\000a\000t\000a\000\040\000D\000r\000i\000f\000t\000\040\000v\000s\000\040\000C\000o\000n\000c\000e\000p\000t\000\040\000D\000r\000i\000f\000t\000\051\000?}{section.H.4}% 421
\BOOKMARK [2][-]{subsection.H.4.4}{\376\377\0003\0004\000.\000\040\000B\000a\000g\000a\000i\000m\000a\000n\000a\000\040\000A\000n\000d\000a\000\040\000m\000e\000m\000i\000l\000i\000h\000\040\000j\000u\000m\000l\000a\000h\000\040\000c\000l\000u\000s\000t\000e\000r\000\040\000\050\000K\000\051\000\040\000d\000a\000l\000a\000m\000\040\000K\000-\000M\000e\000a\000n\000s\000?}{section.H.4}% 422
\BOOKMARK [2][-]{subsection.H.4.5}{\376\377\0003\0005\000.\000\040\000A\000p\000a\000\040\000i\000t\000u\000\040\000A\000/\000B\000\040\000T\000e\000s\000t\000i\000n\000g\000\040\000d\000a\000l\000a\000m\000\040\000k\000o\000n\000t\000e\000k\000s\000\040\000M\000L\000?}{section.H.4}% 423
\BOOKMARK [1][-]{section.H.5}{\376\377\000P\000y\000t\000h\000o\000n\000\040\000\040\000C\000o\000d\000i\000n\000g}{appendix.H}% 424
\BOOKMARK [2][-]{subsection.H.5.1}{\376\377\0003\0006\000.\000\040\000A\000p\000a\000\040\000p\000e\000r\000b\000e\000d\000a\000a\000n\000\040\000L\000i\000s\000t\000\040\000d\000a\000n\000\040\000T\000u\000p\000l\000e\000\040\000d\000i\000\040\000P\000y\000t\000h\000o\000n\000?}{section.H.5}% 425
\BOOKMARK [2][-]{subsection.H.5.2}{\376\377\0003\0007\000.\000\040\000J\000e\000l\000a\000s\000k\000a\000n\000\040\000k\000o\000n\000s\000e\000p\000\040\000D\000e\000c\000o\000r\000a\000t\000o\000r\000\040\000d\000i\000\040\000P\000y\000t\000h\000o\000n\000!}{section.H.5}% 426
\BOOKMARK [2][-]{subsection.H.5.3}{\376\377\0003\0008\000.\000\040\000B\000a\000g\000a\000i\000m\000a\000n\000a\000\040\000c\000a\000r\000a\000\040\000m\000e\000n\000a\000n\000g\000a\000n\000i\000\040\000M\000i\000s\000s\000i\000n\000g\000\040\000V\000a\000l\000u\000e\000s\000\040\000d\000i\000\040\000P\000a\000n\000d\000a\000s\000?}{section.H.5}% 427
\BOOKMARK [2][-]{subsection.H.5.4}{\376\377\0003\0009\000.\000\040\000A\000p\000a\000\040\000i\000t\000u\000\040\000G\000e\000n\000e\000r\000a\000t\000o\000r\000\040\000d\000i\000\040\000P\000y\000t\000h\000o\000n\000?}{section.H.5}% 428
\BOOKMARK [2][-]{subsection.H.5.5}{\376\377\0004\0000\000.\000\040\000J\000e\000l\000a\000s\000k\000a\000n\000\040\000p\000e\000r\000b\000e\000d\000a\000a\000n\000\040\000c\000o\000p\000y\000\050\000\051\000\040\000d\000a\000n\000\040\000d\000e\000e\000p\000c\000o\000p\000y\000\050\000\051\000!}{section.H.5}% 429
\BOOKMARK [1][-]{section.H.6}{\376\377\000B\000e\000h\000a\000v\000i\000o\000r\000a\000l\000\040\000\046\000\040\000S\000i\000t\000u\000a\000t\000i\000o\000n\000a\000l}{appendix.H}% 430
\BOOKMARK [2][-]{subsection.H.6.1}{\376\377\0004\0001\000.\000\040\000C\000e\000r\000i\000t\000a\000k\000a\000n\000\040\000p\000r\000o\000y\000e\000k\000\040\000A\000I\000\040\000t\000e\000r\000s\000u\000l\000i\000t\000\040\000y\000a\000n\000g\000\040\000p\000e\000r\000n\000a\000h\000\040\000A\000n\000d\000a\000\040\000k\000e\000r\000j\000a\000k\000a\000n\000!}{section.H.6}% 431
\BOOKMARK [2][-]{subsection.H.6.2}{\376\377\0004\0002\000.\000\040\000B\000a\000g\000a\000i\000m\000a\000n\000a\000\040\000A\000n\000d\000a\000\040\000m\000e\000n\000j\000e\000l\000a\000s\000k\000a\000n\000\040\000k\000o\000n\000s\000e\000p\000\040\000t\000e\000k\000n\000i\000s\000\040\000\050\000m\000i\000s\000a\000l\000\040\000N\000e\000u\000r\000a\000l\000\040\000N\000e\000t\000w\000o\000r\000k\000\051\000\040\000k\000e\000p\000a\000d\000a\000\040\000k\000l\000i\000e\000n\000\040\000n\000o\000n\000-\000t\000e\000k\000n\000i\000s\000?}{section.H.6}% 432
\BOOKMARK [2][-]{subsection.H.6.3}{\376\377\0004\0003\000.\000\040\000A\000p\000a\000\040\000y\000a\000n\000g\000\040\000A\000n\000d\000a\000\040\000l\000a\000k\000u\000k\000a\000n\000\040\000j\000i\000k\000a\000\040\000m\000o\000d\000e\000l\000\040\000A\000n\000d\000a\000\040\000m\000e\000m\000i\000l\000i\000k\000i\000\040\000p\000e\000r\000f\000o\000r\000m\000a\000\040\000b\000a\000g\000u\000s\000\040\000d\000i\000\040\000t\000r\000a\000i\000n\000i\000n\000g\000\040\000t\000a\000p\000i\000\040\000b\000u\000r\000u\000k\000\040\000d\000i\000\040\000p\000r\000o\000d\000u\000k\000s\000i\000?}{section.H.6}% 433
\BOOKMARK [2][-]{subsection.H.6.4}{\376\377\0004\0004\000.\000\040\000B\000a\000g\000a\000i\000m\000a\000n\000a\000\040\000A\000n\000d\000a\000\040\000t\000e\000t\000a\000p\000\040\000u\000p\000d\000a\000t\000e\000\040\000d\000e\000n\000g\000a\000n\000\040\000p\000e\000r\000k\000e\000m\000b\000a\000n\000g\000a\000n\000\040\000A\000I\000\040\000y\000a\000n\000g\000\040\000s\000a\000n\000g\000a\000t\000\040\000c\000e\000p\000a\000t\000?}{section.H.6}% 434
\BOOKMARK [2][-]{subsection.H.6.5}{\376\377\0004\0005\000.\000\040\000A\000p\000a\000\040\000p\000e\000r\000t\000i\000m\000b\000a\000n\000g\000a\000n\000\040\000e\000t\000i\000s\000\040\000y\000a\000n\000g\000\040\000A\000n\000d\000a\000\040\000p\000i\000k\000i\000r\000k\000a\000n\000\040\000s\000a\000a\000t\000\040\000m\000e\000m\000b\000a\000n\000g\000u\000n\000\040\000s\000i\000s\000t\000e\000m\000\040\000A\000I\000?}{section.H.6}% 435
\BOOKMARK [1][-]{section.H.7}{\376\377\000S\000t\000u\000d\000i\000\040\000K\000a\000s\000u\000s}{appendix.H}% 436
\BOOKMARK [2][-]{subsection.H.7.1}{\376\377\0004\0006\000.\000\040\000B\000a\000g\000a\000i\000m\000a\000n\000a\000\040\000A\000n\000d\000a\000\040\000m\000e\000n\000d\000e\000s\000a\000i\000n\000\040\000s\000i\000s\000t\000e\000m\000\040\000r\000e\000k\000o\000m\000e\000n\000d\000a\000s\000i\000\040\000u\000n\000t\000u\000k\000\040\000e\000-\000c\000o\000m\000m\000e\000r\000c\000e\000\040\000b\000a\000r\000u\000\040\000\050\000c\000o\000l\000d\000\040\000s\000t\000a\000r\000t\000\051\000?}{section.H.7}% 437
\BOOKMARK [2][-]{subsection.H.7.2}{\376\377\0004\0007\000.\000\040\000B\000a\000g\000a\000i\000m\000a\000n\000a\000\040\000m\000e\000n\000d\000e\000t\000e\000k\000s\000i\000\040\000p\000e\000n\000i\000p\000u\000a\000n\000\040\000k\000a\000r\000t\000u\000\040\000k\000r\000e\000d\000i\000t\000\040\000\050\000F\000r\000a\000u\000d\000\040\000D\000e\000t\000e\000c\000t\000i\000o\000n\000\051\000?}{section.H.7}% 438
\BOOKMARK [2][-]{subsection.H.7.3}{\376\377\0004\0008\000.\000\040\000P\000e\000r\000u\000s\000a\000h\000a\000a\000n\000\040\000i\000n\000g\000i\000n\000\040\000m\000e\000m\000b\000u\000a\000t\000\040\000c\000h\000a\000t\000b\000o\000t\000\040\000c\000u\000s\000t\000o\000m\000e\000r\000\040\000s\000e\000r\000v\000i\000c\000e\000.\000\040\000A\000p\000a\000\040\000s\000t\000r\000a\000t\000e\000g\000i\000n\000y\000a\000?}{section.H.7}% 439
\BOOKMARK [2][-]{subsection.H.7.4}{\376\377\0004\0009\000.\000\040\000B\000a\000g\000a\000i\000m\000a\000n\000a\000\040\000m\000e\000m\000p\000r\000e\000d\000i\000k\000s\000i\000\040\000h\000a\000r\000g\000a\000\040\000s\000a\000h\000a\000m\000?}{section.H.7}% 440
\BOOKMARK [2][-]{subsection.H.7.5}{\376\377\0005\0000\000.\000\040\000B\000a\000g\000a\000i\000m\000a\000n\000a\000\040\000c\000a\000r\000a\000\040\000m\000e\000n\000g\000h\000i\000t\000u\000n\000g\000\040\000j\000u\000m\000l\000a\000h\000\040\000o\000r\000a\000n\000g\000\040\000d\000a\000l\000a\000m\000\040\000k\000e\000r\000u\000m\000u\000n\000a\000n\000\040\000d\000a\000r\000i\000\040\000v\000i\000d\000e\000o\000\040\000C\000C\000T\000V\000?}{section.H.7}% 441
\BOOKMARK [0][-]{appendix.I}{\376\377\000P\000a\000n\000d\000u\000a\000n\000\040\000K\000a\000r\000i\000r\000\040\000A\000I\000:\000\040\000R\000o\000a\000d\000m\000a\000p\000\040\000\046\000\040\000S\000t\000r\000a\000t\000e\000g\000i}{part.9}% 442
\BOOKMARK [1][-]{section.I.1}{\376\377\000P\000e\000t\000a\000\040\000P\000e\000r\000a\000n\000\040\000\050\000R\000o\000l\000e\000\040\000M\000a\000p\000\051\000\040\000d\000a\000l\000a\000m\000\040\000I\000n\000d\000u\000s\000t\000r\000i\000\040\000A\000I}{appendix.I}% 443
\BOOKMARK [2][-]{subsection.I.1.1}{\376\377\0001\000.\000\040\000D\000a\000t\000a\000\040\000A\000n\000a\000l\000y\000s\000t}{section.I.1}% 444
\BOOKMARK [2][-]{subsection.I.1.2}{\376\377\0002\000.\000\040\000D\000a\000t\000a\000\040\000S\000c\000i\000e\000n\000t\000i\000s\000t}{section.I.1}% 445
\BOOKMARK [2][-]{subsection.I.1.3}{\376\377\0003\000.\000\040\000M\000a\000c\000h\000i\000n\000e\000\040\000L\000e\000a\000r\000n\000i\000n\000g\000\040\000E\000n\000g\000i\000n\000e\000e\000r\000\040\000\050\000M\000L\000E\000\051}{section.I.1}% 446
\BOOKMARK [2][-]{subsection.I.1.4}{\376\377\0004\000.\000\040\000A\000I\000\040\000R\000e\000s\000e\000a\000r\000c\000h\000\040\000S\000c\000i\000e\000n\000t\000i\000s\000t}{section.I.1}% 447
\BOOKMARK [2][-]{subsection.I.1.5}{\376\377\0005\000.\000\040\000A\000I\000\040\000P\000r\000o\000d\000u\000c\000t\000\040\000M\000a\000n\000a\000g\000e\000r}{section.I.1}% 448
\BOOKMARK [1][-]{section.I.2}{\376\377\000R\000o\000a\000d\000m\000a\000p\000\040\000B\000e\000l\000a\000j\000a\000r\000\040\000\050\000L\000e\000a\000r\000n\000i\000n\000g\000\040\000P\000a\000t\000h\000\051}{appendix.I}% 449
\BOOKMARK [2][-]{subsection.I.2.1}{\376\377\000T\000a\000h\000a\000p\000\040\0001\000:\000\040\000F\000o\000n\000d\000a\000s\000i\000\040\000\050\000B\000u\000l\000a\000n\000\040\0001\000-\0002\000\051}{section.I.2}% 450
\BOOKMARK [2][-]{subsection.I.2.2}{\376\377\000T\000a\000h\000a\000p\000\040\0002\000:\000\040\000M\000a\000c\000h\000i\000n\000e\000\040\000L\000e\000a\000r\000n\000i\000n\000g\000\040\000K\000l\000a\000s\000i\000k\000\040\000\050\000B\000u\000l\000a\000n\000\040\0003\000-\0004\000\051}{section.I.2}% 451
\BOOKMARK [2][-]{subsection.I.2.3}{\376\377\000T\000a\000h\000a\000p\000\040\0003\000:\000\040\000D\000e\000e\000p\000\040\000L\000e\000a\000r\000n\000i\000n\000g\000\040\000\046\000\040\000N\000e\000u\000r\000a\000l\000\040\000N\000e\000t\000w\000o\000r\000k\000s\000\040\000\050\000B\000u\000l\000a\000n\000\040\0005\000-\0006\000\051}{section.I.2}% 452
\BOOKMARK [2][-]{subsection.I.2.4}{\376\377\000T\000a\000h\000a\000p\000\040\0004\000:\000\040\000S\000p\000e\000s\000i\000a\000l\000i\000s\000a\000s\000i\000\040\000\046\000\040\000M\000o\000d\000e\000r\000n\000\040\000A\000I\000\040\000\050\000B\000u\000l\000a\000n\000\040\0007\000+\000\051}{section.I.2}% 453
\BOOKMARK [2][-]{subsection.I.2.5}{\376\377\000T\000a\000h\000a\000p\000\040\0005\000:\000\040\000M\000L\000O\000p\000s\000\040\000\046\000\040\000E\000n\000g\000i\000n\000e\000e\000r\000i\000n\000g\000\040\000\050\000P\000a\000r\000a\000l\000l\000e\000l\000\051}{section.I.2}% 454
\BOOKMARK [1][-]{section.I.3}{\376\377\000M\000e\000m\000b\000a\000n\000g\000u\000n\000\040\000P\000o\000r\000t\000o\000f\000o\000l\000i\000o}{appendix.I}% 455
\BOOKMARK [1][-]{section.I.4}{\376\377\000P\000e\000r\000s\000i\000a\000p\000a\000n\000\040\000W\000a\000w\000a\000n\000c\000a\000r\000a}{appendix.I}% 456
\BOOKMARK [2][-]{subsection.I.4.1}{\376\377\000C\000o\000d\000i\000n\000g\000\040\000I\000n\000t\000e\000r\000v\000i\000e\000w\000\040\000\050\000L\000e\000e\000t\000C\000o\000d\000e\000\051}{section.I.4}% 457
\BOOKMARK [2][-]{subsection.I.4.2}{\376\377\000M\000a\000c\000h\000i\000n\000e\000\040\000L\000e\000a\000r\000n\000i\000n\000g\000\040\000D\000e\000s\000i\000g\000n\000\040\000I\000n\000t\000e\000r\000v\000i\000e\000w}{section.I.4}% 458
\BOOKMARK [1][-]{section.I.5}{\376\377\000G\000a\000j\000i\000\040\000\046\000\040\000P\000r\000o\000s\000p\000e\000k\000\040\000P\000a\000s\000a\000r\000\040\000\050\000I\000n\000d\000o\000n\000e\000s\000i\000a\000\040\000\046\000\040\000G\000l\000o\000b\000a\000l\000\051}{appendix.I}% 459
\BOOKMARK [2][-]{subsection.I.5.1}{\376\377\000I\000n\000d\000o\000n\000e\000s\000i\000a\000\040\000\050\000P\000e\000r\000\040\000B\000u\000l\000a\000n\000\051}{section.I.5}% 460
\BOOKMARK [2][-]{subsection.I.5.2}{\376\377\000G\000l\000o\000b\000a\000l\000/\000R\000e\000m\000o\000t\000e\000\040\000\050\000P\000e\000r\000\040\000T\000a\000h\000u\000n\000\040\000-\000\040\000U\000S\000D\000\051}{section.I.5}% 461
\BOOKMARK [1][-]{section.I.6}{\376\377\000S\000u\000m\000b\000e\000r\000\040\000B\000e\000l\000a\000j\000a\000r\000\040\000R\000e\000k\000o\000m\000e\000n\000d\000a\000s\000i}{appendix.I}% 462
\BOOKMARK [0][-]{appendix*.2}{\376\377\000E\000p\000i\000l\000o\000g\000:\000\040\000M\000a\000s\000a\000\040\000D\000e\000p\000a\000n\000\040\000d\000i\000\040\000T\000a\000n\000g\000a\000n\000\040\000A\000n\000d\000a}{part.9}% 463
